defender_seed,condition,replicate,campaigns,valid_campaigns,fully_detected_campaigns,mean_detection_rate,total_approved_value,mean_reward,mean_fidelity,min_fidelity,unique_selected_actions,selected_families,candidate_actions,campaign_budget,pool_seed,arena_seed
20260812,double_search_pressure,0,144,144,144,1.0,0.0,-0.17209660344817213,0.9057715970956427,0.8180096572021512,48,6,240,144,20350812,20360812
20260812,independent_pool,0,72,72,72,1.0,0.0,-0.17513844883696247,0.9217813096682234,0.8155330399064411,34,6,120,72,20310812,20320812
20260812,independent_pool,1,72,72,72,1.0,0.0,-0.1753463199518239,0.9228753681674942,0.8393335067483113,34,6,120,72,20311821,20321825
20260812,independent_pool,2,72,72,72,1.0,0.0,-0.17536002837144632,0.9229475177444542,0.854636766118952,34,6,120,72,20312830,20322838
20260813,double_search_pressure,0,144,144,143,0.9994212962962963,8.936488550668647,-0.17308193329750612,0.9268442148100315,0.8469828149486215,45,6,240,144,20350813,20360813
20260813,independent_pool,0,72,72,72,1.0,0.0,-0.17439265707817092,0.91785608988511,0.8396239999999999,35,6,120,72,20310813,20320813
20260813,independent_pool,1,72,72,72,1.0,0.0,-0.17488954245514332,0.9204712760797017,0.8537979463104037,33,6,120,72,20311822,20321826
20260813,independent_pool,2,72,72,72,1.0,0.0,-0.17535690054903427,0.922931055521233,0.822058402054793,41,6,120,72,20312831,20322839
20260814,double_search_pressure,0,144,144,144,1.0,0.0,-0.17434975712639597,0.9176303006652419,0.8302723339093394,42,6,240,144,20350814,20360814
20260814,independent_pool,0,72,72,72,1.0,0.0,-0.17349280201715056,0.9131200106165819,0.8471239999999999,34,6,120,72,20310814,20320814
20260814,independent_pool,1,72,72,72,1.0,0.0,-0.17458781056841347,0.9188832135179656,0.8381402426481956,35,6,120,72,20311823,20321827
20260814,independent_pool,2,72,72,72,1.0,0.0,-0.17447571448713886,0.9182932341428361,0.8195718905354006,35,6,120,72,20312832,20322840
20260815,double_search_pressure,0,144,144,144,1.0,0.0,-0.17245980494443933,0.9076831839181018,0.8252286624140167,51,6,240,144,20350815,20360815
20260815,independent_pool,0,72,72,72,1.0,0.0,-0.1754067804873818,0.9231935815125358,0.8596239999999999,35,6,120,72,20310815,20320815
20260815,independent_pool,1,72,72,72,1.0,0.0,-0.1762742611287793,0.9277592690988384,0.8339251569570622,34,6,120,72,20311824,20321828
20260815,independent_pool,2,72,72,72,1.0,0.0,-0.17416619708661923,0.9166641951927327,0.8344909866985218,41,6,120,72,20312833,20322841
20260816,double_search_pressure,0,144,144,144,1.0,0.0,-0.17467359802790206,0.9193347264626426,0.8262912239118754,50,6,240,144,20350816,20360816
20260816,independent_pool,0,72,72,72,1.0,0.0,-0.17488529167180122,0.9204489035357957,0.8505136297087147,34,6,120,72,20310816,20320816
20260816,independent_pool,1,72,72,72,1.0,0.0,-0.17486189284247905,0.9203257518025213,0.8393560991526068,35,6,120,72,20311825,20321829
20260816,independent_pool,2,72,72,72,1.0,0.0,-0.1738285763607781,0.9148872440040952,0.8343767542401986,33,6,120,72,20312834,20322842
