event_id,campaign_id,timestamp,customer_id,device_id,merchant_id,beneficiary_id,channel,rail,amount,customer_age_days,account_tenure_days,hour_sin,hour_cos,is_cross_border,device_age_days,device_trust,device_reuse_24h,beneficiary_age_days,beneficiary_reuse_24h,merchant_risk,merchant_age_days,velocity_10m,velocity_1h,amount_to_customer_median,auth_strength,auth_changed_recently,intent_match,evidence_provenance,graph_degree,graph_shared_entities,is_fraud,attack_family,campaign_step,red_team_reward,red_team_strategy,red_team_approved_value,risk_score,operational_threshold,score_margin,detected
E000001513,ADAP-000127,2026-09-02 18:42:55.493001+00:00,C001251,D002606,M00188,B000152,card-not-present,card,1.1164130974359214,22650,3914,-0.9832549075639546,0.18223552549214742,1,214,0.814590288982426,2,895,4,0.4883371050592665,3776,1,1,0.05591136078142122,0.5590727129335213,0,1.0,0.920965737159453,9,0,1,adaptive_card_testing,0,0.2467689410964728,v2_double_search_pressure_diagnostic,8.936488550668647,0.9081797544744613,0.12773866205450674,0.7804410924199545,True
E000001514,ADAP-000127,2026-09-02 19:26:55.228092+00:00,C001251,D000857,M00188,B000251,card-not-present,card,2.983468776351525,22650,3914,-0.9304175679820244,0.3665012267242977,1,1749,0.5917243090151691,0,1493,2,0.4883371050592665,3776,0,3,0.1494158385617379,0.7229571842619295,0,0.9876050796936252,0.9182577097628783,6,0,1,adaptive_card_testing,0,0.2467689410964728,v2_double_search_pressure_diagnostic,8.936488550668647,0.8954668930368787,0.14404572529550763,0.751421167741371,True
E000001515,ADAP-000127,2026-09-02 19:52:50.255177+00:00,C001251,D002220,M00188,B000713,card-not-present,card,2.7676988713797694,22650,3914,-0.8829475928589268,0.4694715627858912,0,1538,0.5325599823291897,2,1,0,0.4883371050592665,3776,1,3,0.1386098125214162,0.9005021011561165,0,1.0,0.9402593352939705,6,0,1,adaptive_card_testing,0,0.2467689410964728,v2_double_search_pressure_diagnostic,8.936488550668647,0.8861459004192642,0.16035278853650847,0.7257931118827557,True
E000001516,ADAP-000127,2026-09-02 20:30:18.165009+00:00,C001251,D000218,M00188,B001028,card-not-present,card,8.936488550668647,22650,3914,-0.7933533402912357,0.6087614290087199,1,416,0.6943580060468977,1,2627,0,0.4883371050592665,3776,1,1,0.44755049597951635,0.7520312663250044,0,0.9472360195198877,0.8642393676484301,4,1,1,adaptive_card_testing,0,0.2467689410964728,v2_double_search_pressure_diagnostic,8.936488550668647,0.17628237186074783,0.1793776956510095,-0.0030953237902616726,False
E000001517,ADAP-000127,2026-09-02 21:10:27.366672+00:00,C001251,D000223,M00188,B000346,card-not-present,card,9.30385287650231,22650,3914,-0.6755902076156598,0.7372773368101244,1,1536,0.6451455703214175,2,2082,2,0.4883371050592665,3776,2,3,0.4659485597491761,0.757538478038805,0,1.0,0.8854869319408296,7,0,1,adaptive_card_testing,0,0.2467689410964728,v2_double_search_pressure_diagnostic,8.936488550668647,0.922700343180782,0.11143159881350588,0.8112687443672761,True
E000001518,ADAP-000127,2026-09-02 21:46:23.366164+00:00,C001251,D001667,M00188,B000065,card-not-present,card,15.513450933912402,22650,3914,-0.5519369853120584,0.833885822067168,0,923,0.7405443790690251,0,2500,4,0.4883371050592665,3776,2,4,0.7769329776970276,0.7361915507986468,0,1.0,0.8362224074016643,8,1,1,adaptive_card_testing,0,0.2467689410964728,v2_double_search_pressure_diagnostic,8.936488550668647,0.9393161788565029,0.12773866205450674,0.8115775168019961,True
E000001519,ADAP-000127,2026-09-02 22:24:21.088656+00:00,C001251,D001432,M00188,B000196,card-not-present,card,16.930096986246678,22650,3914,-0.40673664307580015,0.913545457642601,1,441,0.9435173341957119,1,578,3,0.4883371050592665,3776,3,2,0.8478803794370757,0.6980854970095272,0,0.9954863359656241,0.8595050533750788,4,0,1,adaptive_card_testing,0,0.2467689410964728,v2_double_search_pressure_diagnostic,8.936488550668647,0.7015430202641083,0.14404572529550763,0.5574972949686007,True
E000001520,ADAP-000127,2026-09-02 22:56:14.126166+00:00,C001251,D000471,M00188,B000427,card-not-present,card,12.080908691450002,22650,3914,-0.2756373558169998,0.9612616959383187,1,1913,0.8725737620899338,0,2646,1,0.4883371050592665,3776,1,4,0.6050269796784049,0.7121677751773663,0,1.0,0.8632642485445289,6,1,1,adaptive_card_testing,0,0.2467689410964728,v2_double_search_pressure_diagnostic,8.936488550668647,0.9082978989760487,0.1793776956510095,0.7289202033250393,True
E000001521,ADAP-000127,2026-09-02 23:34:43.733644+00:00,C001251,D001883,M00188,B000431,card-not-present,card,34.249229506417905,22650,3914,-0.11320321376790789,0.9935718556765873,1,1756,0.7359791157848538,1,2196,3,0.4883371050592665,3776,2,3,1.7152441437824844,0.667570868288392,0,0.99970982155583,0.8825645907153602,5,0,1,adaptive_card_testing,0,0.2467689410964728,v2_double_search_pressure_diagnostic,8.936488550668647,0.9300705367334589,0.11143159881350588,0.818638937919953,True
E000001522,ADAP-000127,2026-09-03 00:02:37.545510+00:00,C001251,D001650,M00188,B000891,card-not-present,card,74.06002518772127,22650,3914,0.008726535498373935,0.9999619230641713,1,463,0.8467762271061693,4,1562,0,0.4883371050592665,3776,2,2,3.7090184603369853,0.7094373724537508,0,0.9698741538910103,0.8893759937735631,8,1,1,adaptive_card_testing,0,0.2467689410964728,v2_double_search_pressure_diagnostic,8.936488550668647,0.7891787595885651,0.12773866205450674,0.6614400975340584,True
E000001523,ADAP-000127,2026-09-03 00:42:05.459033+00:00,C001251,D002785,M00188,B001199,card-not-present,card,36.15096818871601,22650,3914,0.18223552549214747,0.9832549075639546,0,1218,0.7202448731858118,4,1362,0,0.4883371050592665,3776,1,4,1.8104855896434837,0.7218944542222757,0,0.9651939012388886,0.9379380997956471,7,2,1,adaptive_card_testing,0,0.2467689410964728,v2_double_search_pressure_diagnostic,8.936488550668647,0.9223435541816228,0.14404572529550763,0.7782978288861152,True
E000001524,ADAP-000127,2026-09-03 01:15:32.812168+00:00,C001251,D001691,M00188,B000325,card-not-present,card,75.59096901666977,22650,3914,0.3214394653031616,0.9469301294951057,1,330,0.8401334922498225,2,870,0,0.4883371050592665,3776,1,6,3.7856900373303244,0.6937351749980818,0,1.0,0.855990949690809,3,0,1,adaptive_card_testing,0,0.2467689410964728,v2_double_search_pressure_diagnostic,8.936488550668647,0.9054747463733347,0.16035278853650847,0.7451219578368262,True
