defender,test_slice,roc_auc,pr_auc,precision,recall,f1,legitimate_fpr,fraud_value_detection_rate,threshold,n_events
V0,known_families,1.0,1.0,0.892271662763466,1.0,0.943069306930693,0.008214285714285714,1.0,0.1383436210598663,5981
V0,held_out_families,0.9691420722135007,0.9443032278684922,0.961376994122586,0.8388278388278388,0.8959311424100157,0.008214285714285714,0.9835569423051299,0.1383436210598663,6965
V0,fresh_bandit,,,,0.7268518518518517,,0.008214285714285714,0.9266831960121799,0.1383436210598663,864
V1,known_families,1.0,1.0,0.8718535469107551,1.0,0.9315403422982885,0.01,1.0,0.13748842314969692,5981
V1,held_out_families,0.9727578492935636,0.9502063918842767,0.9543973941368078,0.8586080586080586,0.9039722329348245,0.01,0.9912849853645308,0.13748842314969692,6965
V1,fresh_bandit,,,,0.7754629629629629,,0.01,0.9776070887392636,0.13748842314969692,864
V2,known_families,1.0,1.0,0.8698630136986302,1.0,0.9304029304029304,0.01017857142857143,1.0,0.13755139683354414,5981
V2,held_out_families,0.9734716117216118,0.9521991288647965,0.9540692989524577,0.8673992673992674,0.908672294704528,0.01017857142857143,0.9913733918746601,0.13755139683354414,6965
V2,fresh_bandit,,,,0.8229166666666666,,0.01017857142857143,0.9842582920916821,0.13755139683354414,864
