iteration,strategy,action_id,family,reward,fidelity,valid,approved_value,detection_rate,mean_risk_score,event_count,novel_evasion,value_term,evasion_term,detection_cost_term,resource_cost_term,novelty_term,validity_term,pre_fidelity_reward
0,random,synthetic_identity_bustout|1.0|1.02|0.4|0.05|0.53|0.81|0.75,synthetic_identity_bustout,-0.18004660352913823,0.9476137027849381,True,0.0,1.0,0.8828515754847507,12,False,0.0,0.0,-0.16,-0.03,0.0,0.0,-0.19
1,random,ai_app_scam_mule|1.46|1.12|0.41|0.98|0.21|0.75|0.65,ai_app_scam_mule,-0.17187855999999999,0.9046239999999999,True,0.0,1.0,0.9292605612008868,12,False,0.0,0.0,-0.16,-0.03,0.0,0.0,-0.19
2,random,ai_app_scam_mule|1.29|1.32|0.66|0.9|0.22|0.48|0.53,ai_app_scam_mule,-0.17282139921901746,0.9095863116790392,True,0.0,1.0,0.9381987945371764,12,False,0.0,0.0,-0.16,-0.03,0.0,0.0,-0.19
3,random,deepfake_account_takeover|1.28|1.19|0.58|0.43|0.42|0.97|0.7,deepfake_account_takeover,-0.16841212414085535,0.8863796007413439,True,0.0,1.0,0.9357982455340069,12,False,0.0,0.0,-0.16,-0.03,0.0,0.0,-0.19
4,random,synthetic_identity_bustout|1.07|0.66|0.05|0.08|0.6|0.98|0.67,synthetic_identity_bustout,-0.18662281131317843,0.9822253227009391,True,0.0,1.0,0.8980177473906811,12,False,0.0,0.0,-0.16,-0.03,0.0,0.0,-0.19
5,random,deepfake_account_takeover|1.56|1.0|0.55|0.31|0.57|0.79|0.72,deepfake_account_takeover,-0.16743499447982818,0.8812368130517272,True,0.0,1.0,0.94252039069955,12,False,0.0,0.0,-0.16,-0.03,0.0,0.0,-0.19
6,random,ai_app_scam_mule|1.29|1.32|0.66|0.9|0.22|0.48|0.53,ai_app_scam_mule,-0.17234639921901745,0.9070863116790392,True,0.0,1.0,0.9329136449315699,12,False,0.0,0.0,-0.16,-0.03,0.0,0.0,-0.19
7,random,deepfake_account_takeover|1.48|0.91|0.92|0.81|0.44|0.84|0.63,deepfake_account_takeover,-0.1665270841398164,0.876458337577981,True,0.0,1.0,0.9465497408245449,12,False,0.0,0.0,-0.16,-0.03,0.0,0.0,-0.19
8,random,adaptive_card_testing|0.98|0.93|0.2|0.06|0.45|0.55|0.76,adaptive_card_testing,-0.18469896558558446,0.9720998188714971,True,0.0,1.0,0.895794778140814,12,False,0.0,0.0,-0.16,-0.03,0.0,0.0,-0.19
9,random,synthetic_identity_bustout|1.0|1.02|0.4|0.05|0.53|0.81|0.75,synthetic_identity_bustout,-0.1852716035291382,0.9751137027849379,True,0.0,1.0,0.855462159886062,12,False,0.0,0.0,-0.16,-0.03,0.0,0.0,-0.19
10,random,synthetic_identity_bustout|0.64|1.59|0.05|0.05|0.56|0.91|0.83,synthetic_identity_bustout,-0.1831676,0.96404,True,0.0,1.0,0.9001255175756455,12,False,0.0,0.0,-0.16,-0.03,0.0,0.0,-0.19
11,random,synthetic_identity_bustout|0.64|1.59|0.05|0.05|0.56|0.91|0.83,synthetic_identity_bustout,-0.1860176,0.97904,True,0.0,1.0,0.8584714191053155,12,False,0.0,0.0,-0.16,-0.03,0.0,0.0,-0.19
12,random,synthetic_identity_bustout|1.07|0.66|0.05|0.08|0.6|0.98|0.67,synthetic_identity_bustout,-0.18614781131317842,0.979725322700939,True,0.0,1.0,0.9150343778345857,12,False,0.0,0.0,-0.16,-0.03,0.0,0.0,-0.19
13,random,adaptive_card_testing|1.24|1.02|0.4|0.44|0.09|0.58|0.59,adaptive_card_testing,-0.1828507060184042,0.9623721369389695,True,0.0,1.0,0.8484817099358519,12,False,0.0,0.0,-0.16,-0.03,0.0,0.0,-0.19
14,random,adaptive_card_testing|0.79|1.23|0.44|0.05|0.42|0.79|0.48,adaptive_card_testing,-0.1819506969925803,0.9576352473293699,True,0.0,1.0,0.8835498035505812,12,False,0.0,0.0,-0.16,-0.03,0.0,0.0,-0.19
15,random,ai_app_scam_mule|1.29|1.32|0.66|0.9|0.22|0.48|0.53,ai_app_scam_mule,-0.17092139921901744,0.8995863116790392,True,0.0,1.0,0.9308241037565242,12,False,0.0,0.0,-0.16,-0.03,0.0,0.0,-0.19
16,random,deepfake_account_takeover|1.22|1.04|0.9|0.38|0.88|0.96|0.66,deepfake_account_takeover,-0.16587109891152094,0.873005783744847,True,0.0,1.0,0.9461353544068167,12,False,0.0,0.0,-0.16,-0.03,0.0,0.0,-0.19
17,random,ai_app_scam_mule|1.12|0.76|0.6|0.98|0.63|0.79|0.79,ai_app_scam_mule,-0.16537143999999998,0.8703759999999999,True,0.0,1.0,0.9467263078767841,12,False,0.0,0.0,-0.16,-0.03,0.0,0.0,-0.19
18,random,deepfake_account_takeover|1.28|1.19|0.58|0.43|0.42|0.97|0.7,deepfake_account_takeover,-0.16556212414085533,0.8713796007413439,True,0.0,1.0,0.9444295736429886,12,False,0.0,0.0,-0.16,-0.03,0.0,0.0,-0.19
19,random,ai_app_scam_mule|0.61|1.36|0.05|0.89|0.2|0.65|0.56,ai_app_scam_mule,-0.16339776601982792,0.8599882422096207,True,0.0,1.0,0.9369016854257275,12,False,0.0,0.0,-0.16,-0.03,0.0,0.0,-0.19
20,random,adaptive_card_testing|1.42|0.95|0.32|0.17|0.38|0.56|0.73,adaptive_card_testing,-0.17864336814108694,0.9402282533741417,True,0.0,1.0,0.8850763388199029,12,False,0.0,0.0,-0.16,-0.03,0.0,0.0,-0.19
21,random,synthetic_identity_bustout|1.24|0.83|0.2|0.05|0.67|0.93|0.46,synthetic_identity_bustout,-0.18568876552389563,0.9773092922310296,True,0.0,1.0,0.9177891208828018,12,False,0.0,0.0,-0.16,-0.03,0.0,0.0,-0.19
22,random,deepfake_account_takeover|0.6|0.68|0.98|0.45|0.27|0.98|0.58,deepfake_account_takeover,-0.16717341843258676,0.8798600970136146,True,0.0,1.0,0.9349306694945164,12,False,0.0,0.0,-0.16,-0.03,0.0,0.0,-0.19
23,random,ai_app_scam_mule|1.29|1.32|0.66|0.9|0.22|0.48|0.53,ai_app_scam_mule,-0.17282139921901746,0.9095863116790392,True,0.0,1.0,0.9317299232736597,12,False,0.0,0.0,-0.16,-0.03,0.0,0.0,-0.19
24,random,ai_app_scam_mule|1.29|1.32|0.66|0.9|0.22|0.48|0.53,ai_app_scam_mule,-0.17187139921901745,0.9045863116790391,True,0.0,1.0,0.9336740195203114,12,False,0.0,0.0,-0.16,-0.03,0.0,0.0,-0.19
25,random,adaptive_card_testing|1.24|1.02|0.4|0.44|0.09|0.58|0.59,adaptive_card_testing,-0.1828507060184042,0.9623721369389695,True,0.0,1.0,0.8909609506890703,12,False,0.0,0.0,-0.16,-0.03,0.0,0.0,-0.19
26,random,synthetic_identity_bustout|0.64|1.59|0.05|0.05|0.56|0.91|0.83,synthetic_identity_bustout,-0.1812676,0.95404,True,0.0,1.0,0.8666213437812327,12,False,0.0,0.0,-0.16,-0.03,0.0,0.0,-0.19
27,random,synthetic_identity_bustout|1.37|1.23|0.07|0.05|0.4|0.88|0.64,synthetic_identity_bustout,-0.17814913404839974,0.9376270213073671,True,0.0,1.0,0.8911513792662776,12,False,0.0,0.0,-0.16,-0.03,0.0,0.0,-0.19
28,random,ai_app_scam_mule|1.46|1.12|0.41|0.98|0.21|0.75|0.65,ai_app_scam_mule,-0.16712855999999998,0.879624,True,0.0,1.0,0.9330570914268682,12,False,0.0,0.0,-0.16,-0.03,0.0,0.0,-0.19
29,random,ai_app_scam_mule|0.85|1.78|0.12|0.55|0.07|0.81|0.59,ai_app_scam_mule,-0.1645592245738528,0.8661011819676463,True,0.0,1.0,0.8842279942056948,12,False,0.0,0.0,-0.16,-0.03,0.0,0.0,-0.19
30,random,adaptive_card_testing|0.77|0.92|0.05|0.24|0.33|0.71|0.68,adaptive_card_testing,-0.17948269769089575,0.9446457773205039,True,0.0,1.0,0.8933743770637718,12,False,0.0,0.0,-0.16,-0.03,0.0,0.0,-0.19
31,random,synthetic_identity_bustout|1.58|0.89|0.08|0.27|0.61|0.59|0.67,synthetic_identity_bustout,-0.18394387036024556,0.9681256334749767,True,0.0,1.0,0.8803727604576711,12,False,0.0,0.0,-0.16,-0.03,0.0,0.0,-0.19
32,random,ai_app_scam_mule|1.29|1.32|0.66|0.9|0.22|0.48|0.53,ai_app_scam_mule,-0.16664639921901744,0.8770863116790392,True,0.0,1.0,0.9278143976133083,12,False,0.0,0.0,-0.16,-0.03,0.0,0.0,-0.19
33,random,adaptive_card_testing|1.41|0.74|0.26|0.05|0.2|0.63|0.7,adaptive_card_testing,-0.18067453600645264,0.950918610560277,True,0.0,1.0,0.8816101637259269,12,False,0.0,0.0,-0.16,-0.03,0.0,0.0,-0.19
34,random,deepfake_account_takeover|1.28|1.19|0.58|0.43|0.42|0.97|0.7,deepfake_account_takeover,-0.15463712414085534,0.8138796007413439,True,0.0,1.0,0.9385004885831684,12,False,0.0,0.0,-0.16,-0.03,0.0,0.0,-0.19
35,random,deepfake_account_takeover|1.48|0.91|0.92|0.81|0.44|0.84|0.63,deepfake_account_takeover,-0.1689020841398164,0.8889583375779809,True,0.0,1.0,0.9412839746436479,12,False,0.0,0.0,-0.16,-0.03,0.0,0.0,-0.19
0,rule_mutation,adaptive_card_testing|1.17|1.3|0.16|0.05|0.57|0.74|0.63,adaptive_card_testing,-0.1861870530123223,0.979931857959591,True,0.0,1.0,0.886213021953778,12,False,0.0,0.0,-0.16,-0.03,0.0,0.0,-0.19
1,rule_mutation,adaptive_card_testing|1.21|1.2|0.1|0.15|0.48|0.65|0.59,adaptive_card_testing,-0.1791662339170334,0.942980178510702,True,0.0,1.0,0.8736080687628642,12,False,0.0,0.0,-0.16,-0.03,0.0,0.0,-0.19
2,rule_mutation,adaptive_card_testing|1.14|1.15|0.12|0.11|0.39|0.71|0.56,adaptive_card_testing,-0.18279716175646166,0.9620903250340087,True,0.0,1.0,0.8860640160590828,12,False,0.0,0.0,-0.16,-0.03,0.0,0.0,-0.19
3,rule_mutation,adaptive_card_testing|1.24|1.25|0.22|0.08|0.55|0.67|0.69,adaptive_card_testing,-0.1845126104457442,0.9711190023460221,True,0.0,1.0,0.8867855694316131,12,False,0.0,0.0,-0.16,-0.03,0.0,0.0,-0.19
4,rule_mutation,adaptive_card_testing|1.34|1.18|0.17|0.18|0.57|0.55|0.62,adaptive_card_testing,-0.1849581176616316,0.973463777166482,True,0.0,1.0,0.9056587836812335,12,False,0.0,0.0,-0.16,-0.03,0.0,0.0,-0.19
5,rule_mutation,adaptive_card_testing|1.1|1.51|0.03|0.19|0.52|0.79|0.71,adaptive_card_testing,-0.182988301252713,0.9630963223827,True,0.0,1.0,0.8752339481531196,12,False,0.0,0.0,-0.16,-0.03,0.0,0.0,-0.19
6,rule_mutation,adaptive_card_testing|1.41|1.14|0.07|0.24|0.59|0.76|0.5,adaptive_card_testing,-0.18232975438783983,0.9596302862517885,True,0.0,1.0,0.9035818200666629,12,False,0.0,0.0,-0.16,-0.03,0.0,0.0,-0.19
7,rule_mutation,adaptive_card_testing|0.97|1.08|0.11|0.16|0.54|0.82|0.64,adaptive_card_testing,-0.18420800494827064,0.9695158155172139,True,0.0,1.0,0.8767317003600826,12,False,0.0,0.0,-0.16,-0.03,0.0,0.0,-0.19
8,rule_mutation,synthetic_identity_bustout|1.0|1.02|0.4|0.05|0.53|0.81|0.75,synthetic_identity_bustout,-0.18289660352913822,0.9626137027849381,True,0.0,1.0,0.9270379321809318,12,False,0.0,0.0,-0.16,-0.03,0.0,0.0,-0.19
9,rule_mutation,adaptive_card_testing|1.28|1.08|0.03|0.05|0.52|0.44|0.52,adaptive_card_testing,-0.18028667790142147,0.9488772521127445,True,0.0,1.0,0.8871321494153167,12,False,0.0,0.0,-0.16,-0.03,0.0,0.0,-0.19
10,rule_mutation,ai_app_scam_mule|1.29|1.36|0.25|0.73|0.43|0.96|0.62,ai_app_scam_mule,-0.1671672649522736,0.8798277102751242,True,0.0,1.0,0.9269083055904521,12,False,0.0,0.0,-0.16,-0.03,0.0,0.0,-0.19
11,rule_mutation,ai_app_scam_mule|1.12|0.76|0.6|0.98|0.63|0.79|0.79,ai_app_scam_mule,-0.17202144,0.905376,True,0.0,1.0,0.9458076590390371,12,False,0.0,0.0,-0.16,-0.03,0.0,0.0,-0.19
12,rule_mutation,ai_app_scam_mule|1.59|1.37|0.26|0.7|0.55|0.86|0.56,ai_app_scam_mule,-0.1646377466197556,0.8665144558934506,True,0.0,1.0,0.9329721599116612,12,False,0.0,0.0,-0.16,-0.03,0.0,0.0,-0.19
13,rule_mutation,ai_app_scam_mule|1.65|1.61|0.25|0.69|0.64|0.83|0.58,ai_app_scam_mule,-0.16862469636467448,0.8874984019193393,True,0.0,1.0,0.9386818203653461,12,False,0.0,0.0,-0.16,-0.03,0.0,0.0,-0.19
14,rule_mutation,adaptive_card_testing|0.82|1.14|0.42|0.05|0.19|0.77|0.68,adaptive_card_testing,-0.17930367641622713,0.943703560085406,True,0.0,1.0,0.8718725587731494,12,False,0.0,0.0,-0.16,-0.03,0.0,0.0,-0.19
15,rule_mutation,ai_app_scam_mule|1.53|1.27|0.34|0.75|0.56|0.82|0.5,ai_app_scam_mule,-0.17025585199641696,0.8960834315600893,True,0.0,1.0,0.943218583951487,12,False,0.0,0.0,-0.16,-0.03,0.0,0.0,-0.19
16,rule_mutation,ai_app_scam_mule|1.59|1.3|0.22|0.82|0.55|0.96|0.4,ai_app_scam_mule,-0.16991800507463622,0.8943052898665065,True,0.0,1.0,0.9345013478790817,12,False,0.0,0.0,-0.16,-0.03,0.0,0.0,-0.19
17,rule_mutation,ai_app_scam_mule|1.52|1.37|0.19|0.66|0.55|0.96|0.55,ai_app_scam_mule,-0.16609813634027,0.8742007175803683,True,0.0,1.0,0.9342814553089868,12,False,0.0,0.0,-0.16,-0.03,0.0,0.0,-0.19
18,rule_mutation,ai_app_scam_mule|1.75|1.37|0.25|0.84|0.51|0.97|0.56,ai_app_scam_mule,-0.16737190356938478,0.8809047556283409,True,0.0,1.0,0.9353302545395521,12,False,0.0,0.0,-0.16,-0.03,0.0,0.0,-0.19
19,rule_mutation,ai_app_scam_mule|1.53|1.46|0.17|0.69|0.56|0.97|0.53,ai_app_scam_mule,-0.1690267457884921,0.8896144515183796,True,0.0,1.0,0.9303025606876766,12,False,0.0,0.0,-0.16,-0.03,0.0,0.0,-0.19
20,rule_mutation,ai_app_scam_mule|1.47|1.6|0.16|0.65|0.5|0.9|0.41,ai_app_scam_mule,-0.17281162034495715,0.9095348439208271,True,0.0,1.0,0.9315139169452268,12,False,0.0,0.0,-0.16,-0.03,0.0,0.0,-0.19
21,rule_mutation,ai_app_scam_mule|1.91|1.31|0.25|0.78|0.59|0.92|0.56,ai_app_scam_mule,-0.1670972284437654,0.8794590970724494,True,0.0,1.0,0.9429232485151299,12,False,0.0,0.0,-0.16,-0.03,0.0,0.0,-0.19
22,rule_mutation,ai_app_scam_mule|1.27|1.3|0.19|0.73|0.53|0.9|0.54,ai_app_scam_mule,-0.16722767904630503,0.8801456791910791,True,0.0,1.0,0.9365165682359806,12,False,0.0,0.0,-0.16,-0.03,0.0,0.0,-0.19
23,rule_mutation,ai_app_scam_mule|1.49|1.23|0.3|0.58|0.63|0.83|0.53,ai_app_scam_mule,-0.16895163610391847,0.8892191373890446,True,0.0,1.0,0.9258057759243016,12,False,0.0,0.0,-0.16,-0.03,0.0,0.0,-0.19
24,rule_mutation,synthetic_identity_bustout|1.06|1.24|0.46|0.21|0.2|0.8|0.82,synthetic_identity_bustout,-0.17743655914543188,0.9338766270812204,True,0.0,1.0,0.7866032876258665,12,False,0.0,0.0,-0.16,-0.03,0.0,0.0,-0.19
25,rule_mutation,ai_app_scam_mule|1.61|1.27|0.2|0.63|0.58|0.63|0.51,ai_app_scam_mule,-0.16879493363131268,0.8883943875332246,True,0.0,1.0,0.92391317237352,12,False,0.0,0.0,-0.16,-0.03,0.0,0.0,-0.19
26,rule_mutation,ai_app_scam_mule|0.8|1.21|0.05|0.69|0.42|0.32|0.64,ai_app_scam_mule,-0.16759322632581977,0.8820696122411567,True,0.0,1.0,0.9335483003137455,12,False,0.0,0.0,-0.16,-0.03,0.0,0.0,-0.19
27,rule_mutation,ai_app_scam_mule|1.64|1.43|0.41|0.84|0.66|0.87|0.65,ai_app_scam_mule,-0.16662298704933579,0.8769630897333462,True,0.0,1.0,0.9375561252136554,12,False,0.0,0.0,-0.16,-0.03,0.0,0.0,-0.19
28,rule_mutation,ai_app_scam_mule|1.53|1.57|0.28|0.75|0.47|0.88|0.65,ai_app_scam_mule,-0.16982826213975244,0.893832958630276,True,0.0,1.0,0.9286360346390811,12,False,0.0,0.0,-0.16,-0.03,0.0,0.0,-0.19
29,rule_mutation,ai_app_scam_mule|0.81|0.53|0.21|0.67|0.33|0.65|0.7,ai_app_scam_mule,-0.1630791606801282,0.8583113720006748,True,0.0,1.0,0.9386156885927571,12,False,0.0,0.0,-0.16,-0.03,0.0,0.0,-0.19
30,rule_mutation,ai_app_scam_mule|1.29|1.32|0.66|0.9|0.22|0.48|0.53,ai_app_scam_mule,-0.16807139921901743,0.8845863116790391,True,0.0,1.0,0.9354496044096464,12,False,0.0,0.0,-0.16,-0.03,0.0,0.0,-0.19
31,rule_mutation,ai_app_scam_mule|0.81|0.45|0.15|0.59|0.12|0.77|0.76,ai_app_scam_mule,-0.16452904420715123,0.8659423379323749,True,0.0,1.0,0.93182032629237,12,False,0.0,0.0,-0.16,-0.03,0.0,0.0,-0.19
32,rule_mutation,ai_app_scam_mule|0.9|0.54|0.2|0.49|0.41|0.74|0.86,ai_app_scam_mule,-0.16944991905720616,0.8918416792484535,True,0.0,1.0,0.9374611361942367,12,False,0.0,0.0,-0.16,-0.03,0.0,0.0,-0.19
33,rule_mutation,ai_app_scam_mule|0.91|0.62|0.16|0.58|0.33|0.54|0.7,ai_app_scam_mule,-0.16602696954520246,0.8738261555010656,True,0.0,1.0,0.9316847639179205,12,False,0.0,0.0,-0.16,-0.03,0.0,0.0,-0.19
34,rule_mutation,ai_app_scam_mule|0.83|0.56|0.28|0.64|0.27|0.59|0.79,ai_app_scam_mule,-0.16778087942762168,0.8830572601453772,True,0.0,1.0,0.9370295110630323,12,False,0.0,0.0,-0.16,-0.03,0.0,0.0,-0.19
35,rule_mutation,ai_app_scam_mule|0.98|0.48|0.27|0.69|0.28|0.88|0.71,ai_app_scam_mule,-0.16863311660583216,0.887542718978064,True,0.0,1.0,0.9393573230632102,12,False,0.0,0.0,-0.16,-0.03,0.0,0.0,-0.19
0,contextual_bandit,deepfake_account_takeover|1.22|1.04|0.9|0.38|0.88|0.96|0.66,deepfake_account_takeover,-0.16967109891152093,0.8930057837448471,True,0.0,1.0,0.94686148204182,12,False,0.0,0.0,-0.16,-0.03,0.0,0.0,-0.19
1,contextual_bandit,ai_app_scam_mule|0.61|1.36|0.05|0.89|0.2|0.65|0.56,ai_app_scam_mule,-0.1629227660198279,0.8574882422096206,True,0.0,1.0,0.9423740249651984,12,False,0.0,0.0,-0.16,-0.03,0.0,0.0,-0.19
2,contextual_bandit,synthetic_identity_bustout|1.07|0.66|0.05|0.08|0.6|0.98|0.67,synthetic_identity_bustout,-0.18139781131317845,0.9547253227009391,True,0.0,1.0,0.90474804287431,12,False,0.0,0.0,-0.16,-0.03,0.0,0.0,-0.19
3,contextual_bandit,deepfake_account_takeover|0.6|0.68|0.98|0.45|0.27|0.98|0.58,deepfake_account_takeover,-0.17387658156741323,0.9151399029863854,True,0.0,1.0,0.9391560926578163,12,False,0.0,0.0,-0.16,-0.03,0.0,0.0,-0.19
4,contextual_bandit,adaptive_card_testing|1.41|0.74|0.26|0.05|0.2|0.63|0.7,adaptive_card_testing,-0.18399953600645264,0.968418610560277,True,0.0,1.0,0.9060347316990037,12,False,0.0,0.0,-0.16,-0.03,0.0,0.0,-0.19
5,contextual_bandit,synthetic_identity_bustout|0.64|1.59|0.05|0.05|0.56|0.91|0.83,synthetic_identity_bustout,-0.1788926,0.94154,True,0.0,1.0,0.8851495960179272,12,False,0.0,0.0,-0.16,-0.03,0.0,0.0,-0.19
6,contextual_bandit,ai_app_scam_mule|1.29|1.32|0.66|0.9|0.22|0.48|0.53,ai_app_scam_mule,-0.16617139921901744,0.8745863116790392,True,0.0,1.0,0.9196284530468727,12,False,0.0,0.0,-0.16,-0.03,0.0,0.0,-0.19
7,contextual_bandit,deepfake_account_takeover|1.26|0.67|0.43|0.66|0.3|0.83|0.97,deepfake_account_takeover,-0.17040535479590035,0.8968702883994755,True,0.0,1.0,0.9380954321737245,12,False,0.0,0.0,-0.16,-0.03,0.0,0.0,-0.19
8,contextual_bandit,ai_app_scam_mule|0.81|0.53|0.21|0.67|0.33|0.65|0.7,ai_app_scam_mule,-0.1630791606801282,0.8583113720006748,True,0.0,1.0,0.9394220890948354,12,False,0.0,0.0,-0.16,-0.03,0.0,0.0,-0.19
9,contextual_bandit,deepfake_account_takeover|1.22|1.04|0.9|0.38|0.88|0.96|0.66,deepfake_account_takeover,-0.17252109891152095,0.9080057837448471,True,0.0,1.0,0.9448772527313452,12,False,0.0,0.0,-0.16,-0.03,0.0,0.0,-0.19
10,contextual_bandit,adaptive_card_testing|0.79|1.23|0.44|0.05|0.42|0.79|0.48,adaptive_card_testing,-0.17957569699258027,0.9451352473293698,True,0.0,1.0,0.8827933308344309,12,False,0.0,0.0,-0.16,-0.03,0.0,0.0,-0.19
11,contextual_bandit,ai_app_scam_mule|0.85|1.78|0.12|0.55|0.07|0.81|0.59,ai_app_scam_mule,-0.16170922457385278,0.8511011819676462,True,0.0,1.0,0.8678400662804541,12,False,0.0,0.0,-0.16,-0.03,0.0,0.0,-0.19
12,contextual_bandit,deepfake_account_takeover|0.6|0.68|0.98|0.45|0.27|0.98|0.58,deepfake_account_takeover,-0.16907341843258678,0.8898600970136146,True,0.0,1.0,0.9369805816379588,12,False,0.0,0.0,-0.16,-0.03,0.0,0.0,-0.19
13,contextual_bandit,ai_app_scam_mule|1.12|0.76|0.6|0.98|0.63|0.79|0.79,ai_app_scam_mule,-0.16917143999999998,0.890376,True,0.0,1.0,0.9452941049679952,12,False,0.0,0.0,-0.16,-0.03,0.0,0.0,-0.19
14,contextual_bandit,synthetic_identity_bustout|1.06|1.24|0.46|0.21|0.2|0.8|0.82,synthetic_identity_bustout,0.33249696226975683,0.9413766270812205,True,60.76812069929873,0.9166666666666666,0.7979330834571564,12,True,0.12153624139859745,0.20833333333333343,-0.14666666666666667,-0.03,0.2,0.0,0.3532029080652642
15,contextual_bandit,synthetic_identity_bustout|0.84|0.86|0.08|0.05|0.69|0.54|0.92,synthetic_identity_bustout,-0.18806353116517247,0.9898080587640656,True,0.0,1.0,0.9006186494830147,12,False,0.0,0.0,-0.16,-0.03,0.0,0.0,-0.19
16,contextual_bandit,deepfake_account_takeover|1.06|1.11|0.79|0.09|0.32|0.52|0.66,deepfake_account_takeover,-0.16645874828754828,0.8760986751976225,True,0.0,1.0,0.9169418203979623,12,False,0.0,0.0,-0.16,-0.03,0.0,0.0,-0.19
17,contextual_bandit,synthetic_identity_bustout|1.06|1.24|0.46|0.21|0.2|0.8|0.82,synthetic_identity_bustout,0.505634347929438,0.9513766270812205,True,249.90493137509273,0.9166666666666666,0.8303343600218427,12,False,0.49980986275018546,0.20833333333333343,-0.14666666666666667,-0.03,0.0,0.0,0.5314765294168522
18,contextual_bandit,synthetic_identity_bustout|1.06|1.24|0.46|0.21|0.2|0.8|0.82,synthetic_identity_bustout,-0.1807615591454319,0.9513766270812205,True,0.0,1.0,0.792769494534499,12,False,0.0,0.0,-0.16,-0.03,0.0,0.0,-0.19
19,contextual_bandit,adaptive_card_testing|1.24|1.02|0.4|0.44|0.09|0.58|0.59,adaptive_card_testing,-0.1857007060184042,0.9773721369389694,True,0.0,1.0,0.8905689476887219,12,False,0.0,0.0,-0.16,-0.03,0.0,0.0,-0.19
20,contextual_bandit,synthetic_identity_bustout|1.24|0.83|0.2|0.05|0.67|0.93|0.46,synthetic_identity_bustout,-0.18188876552389563,0.9573092922310296,True,0.0,1.0,0.9034751417342343,12,False,0.0,0.0,-0.16,-0.03,0.0,0.0,-0.19
21,contextual_bandit,deepfake_account_takeover|1.48|0.91|0.92|0.81|0.44|0.84|0.63,deepfake_account_takeover,-0.1655770841398164,0.871458337577981,True,0.0,1.0,0.9394799089636013,12,False,0.0,0.0,-0.16,-0.03,0.0,0.0,-0.19
22,contextual_bandit,ai_app_scam_mule|1.23|0.57|0.33|0.41|0.38|0.84|0.75,ai_app_scam_mule,-0.16522929668284533,0.8696278772781333,True,0.0,1.0,0.938448468633669,12,False,0.0,0.0,-0.16,-0.03,0.0,0.0,-0.19
23,contextual_bandit,synthetic_identity_bustout|0.64|1.59|0.05|0.05|0.56|0.91|0.83,synthetic_identity_bustout,-0.18839260000000002,0.9915400000000001,True,0.0,1.0,0.8348626471307274,12,False,0.0,0.0,-0.16,-0.03,0.0,0.0,-0.19
24,contextual_bandit,ai_app_scam_mule|1.29|1.32|0.66|0.9|0.22|0.48|0.53,ai_app_scam_mule,-0.17282139921901746,0.9095863116790392,True,0.0,1.0,0.906008425026878,12,False,0.0,0.0,-0.16,-0.03,0.0,0.0,-0.19
25,contextual_bandit,deepfake_account_takeover|0.6|0.68|0.98|0.45|0.27|0.98|0.58,deepfake_account_takeover,-0.17382341843258675,0.9148600970136145,True,0.0,1.0,0.9420689049084551,12,False,0.0,0.0,-0.16,-0.03,0.0,0.0,-0.19
26,contextual_bandit,synthetic_identity_bustout|1.06|1.24|0.46|0.21|0.2|0.8|0.82,synthetic_identity_bustout,-0.18551155914543188,0.9763766270812204,True,0.0,1.0,0.776557495696573,12,False,0.0,0.0,-0.16,-0.03,0.0,0.0,-0.19
27,contextual_bandit,deepfake_account_takeover|1.06|1.11|0.79|0.09|0.32|0.52|0.66,deepfake_account_takeover,-0.1640837482875483,0.8635986751976226,True,0.0,1.0,0.935553263638325,12,False,0.0,0.0,-0.16,-0.03,0.0,0.0,-0.19
28,contextual_bandit,ai_app_scam_mule|0.85|1.78|0.12|0.55|0.07|0.81|0.59,ai_app_scam_mule,-0.1664592245738528,0.8761011819676463,True,0.0,1.0,0.9176571374964517,12,False,0.0,0.0,-0.16,-0.03,0.0,0.0,-0.19
29,contextual_bandit,deepfake_account_takeover|1.26|0.67|0.43|0.66|0.3|0.83|0.97,deepfake_account_takeover,-0.16755535479590036,0.8818702883994756,True,0.0,1.0,0.9396677810966988,12,False,0.0,0.0,-0.16,-0.03,0.0,0.0,-0.19
30,contextual_bandit,deepfake_account_takeover|1.22|1.04|0.9|0.38|0.88|0.96|0.66,deepfake_account_takeover,-0.17299609891152096,0.9105057837448471,True,0.0,1.0,0.9451723268359838,12,False,0.0,0.0,-0.16,-0.03,0.0,0.0,-0.19
31,contextual_bandit,synthetic_identity_bustout|1.06|1.24|0.46|0.21|0.2|0.8|0.82,synthetic_identity_bustout,0.13103762382014233,0.9663766270812204,True,51.96509025640079,0.9166666666666666,0.8278309000310277,12,False,0.10393018051280159,0.20833333333333343,-0.14666666666666667,-0.03,0.0,0.0,0.13559684717946838
32,contextual_bandit,synthetic_identity_bustout|1.06|1.24|0.46|0.21|0.2|0.8|0.82,synthetic_identity_bustout,-0.17648655914543188,0.9288766270812203,True,0.0,1.0,0.871105584119466,12,False,0.0,0.0,-0.16,-0.03,0.0,0.0,-0.19
33,contextual_bandit,deepfake_account_takeover|0.6|0.68|0.98|0.45|0.27|0.98|0.58,deepfake_account_takeover,-0.1628984184325868,0.8573600970136146,True,0.0,1.0,0.9406277043526287,12,False,0.0,0.0,-0.16,-0.03,0.0,0.0,-0.19
34,contextual_bandit,synthetic_identity_bustout|0.84|0.86|0.08|0.05|0.69|0.54|0.92,synthetic_identity_bustout,-0.18663853116517248,0.9823080587640657,True,0.0,1.0,0.8953312940001394,12,False,0.0,0.0,-0.16,-0.03,0.0,0.0,-0.19
35,contextual_bandit,ai_app_scam_mule|1.29|1.32|0.66|0.9|0.22|0.48|0.53,ai_app_scam_mule,-0.16569639921901744,0.8720863116790392,True,0.0,1.0,0.9360234235222168,12,False,0.0,0.0,-0.16,-0.03,0.0,0.0,-0.19
0,contextual_bandit_no_novelty,deepfake_account_takeover|1.22|1.04|0.9|0.38|0.88|0.96|0.66,deepfake_account_takeover,-0.16967109891152093,0.8930057837448471,True,0.0,1.0,0.94686148204182,12,False,0.0,0.0,-0.16,-0.03,0.0,0.0,-0.19
1,contextual_bandit_no_novelty,ai_app_scam_mule|0.61|1.36|0.05|0.89|0.2|0.65|0.56,ai_app_scam_mule,-0.1629227660198279,0.8574882422096206,True,0.0,1.0,0.9423740249651984,12,False,0.0,0.0,-0.16,-0.03,0.0,0.0,-0.19
2,contextual_bandit_no_novelty,synthetic_identity_bustout|1.07|0.66|0.05|0.08|0.6|0.98|0.67,synthetic_identity_bustout,-0.18139781131317845,0.9547253227009391,True,0.0,1.0,0.90474804287431,12,False,0.0,0.0,-0.16,-0.03,0.0,0.0,-0.19
3,contextual_bandit_no_novelty,deepfake_account_takeover|0.6|0.68|0.98|0.45|0.27|0.98|0.58,deepfake_account_takeover,-0.17387658156741323,0.9151399029863854,True,0.0,1.0,0.9391560926578163,12,False,0.0,0.0,-0.16,-0.03,0.0,0.0,-0.19
4,contextual_bandit_no_novelty,adaptive_card_testing|1.41|0.74|0.26|0.05|0.2|0.63|0.7,adaptive_card_testing,-0.18399953600645264,0.968418610560277,True,0.0,1.0,0.9060347316990037,12,False,0.0,0.0,-0.16,-0.03,0.0,0.0,-0.19
5,contextual_bandit_no_novelty,synthetic_identity_bustout|0.64|1.59|0.05|0.05|0.56|0.91|0.83,synthetic_identity_bustout,-0.1788926,0.94154,True,0.0,1.0,0.8851495960179272,12,False,0.0,0.0,-0.16,-0.03,0.0,0.0,-0.19
6,contextual_bandit_no_novelty,ai_app_scam_mule|1.29|1.32|0.66|0.9|0.22|0.48|0.53,ai_app_scam_mule,-0.16617139921901744,0.8745863116790392,True,0.0,1.0,0.9196284530468727,12,False,0.0,0.0,-0.16,-0.03,0.0,0.0,-0.19
7,contextual_bandit_no_novelty,deepfake_account_takeover|1.26|0.67|0.43|0.66|0.3|0.83|0.97,deepfake_account_takeover,-0.17040535479590035,0.8968702883994755,True,0.0,1.0,0.9380954321737245,12,False,0.0,0.0,-0.16,-0.03,0.0,0.0,-0.19
8,contextual_bandit_no_novelty,ai_app_scam_mule|0.81|0.53|0.21|0.67|0.33|0.65|0.7,ai_app_scam_mule,-0.1630791606801282,0.8583113720006748,True,0.0,1.0,0.9394220890948354,12,False,0.0,0.0,-0.16,-0.03,0.0,0.0,-0.19
9,contextual_bandit_no_novelty,deepfake_account_takeover|1.22|1.04|0.9|0.38|0.88|0.96|0.66,deepfake_account_takeover,-0.17252109891152095,0.9080057837448471,True,0.0,1.0,0.9448772527313452,12,False,0.0,0.0,-0.16,-0.03,0.0,0.0,-0.19
10,contextual_bandit_no_novelty,adaptive_card_testing|0.79|1.23|0.44|0.05|0.42|0.79|0.48,adaptive_card_testing,-0.17957569699258027,0.9451352473293698,True,0.0,1.0,0.8827933308344309,12,False,0.0,0.0,-0.16,-0.03,0.0,0.0,-0.19
11,contextual_bandit_no_novelty,ai_app_scam_mule|0.85|1.78|0.12|0.55|0.07|0.81|0.59,ai_app_scam_mule,-0.16170922457385278,0.8511011819676462,True,0.0,1.0,0.8678400662804541,12,False,0.0,0.0,-0.16,-0.03,0.0,0.0,-0.19
12,contextual_bandit_no_novelty,deepfake_account_takeover|0.6|0.68|0.98|0.45|0.27|0.98|0.58,deepfake_account_takeover,-0.16907341843258678,0.8898600970136146,True,0.0,1.0,0.9369805816379588,12,False,0.0,0.0,-0.16,-0.03,0.0,0.0,-0.19
13,contextual_bandit_no_novelty,ai_app_scam_mule|1.12|0.76|0.6|0.98|0.63|0.79|0.79,ai_app_scam_mule,-0.16917143999999998,0.890376,True,0.0,1.0,0.9452941049679952,12,False,0.0,0.0,-0.16,-0.03,0.0,0.0,-0.19
14,contextual_bandit_no_novelty,synthetic_identity_bustout|1.06|1.24|0.46|0.21|0.2|0.8|0.82,synthetic_identity_bustout,0.14422163685351275,0.9413766270812205,True,60.76812069929873,0.9166666666666666,0.7979330834571564,12,True,0.12153624139859745,0.20833333333333343,-0.14666666666666667,-0.03,0.0,0.0,0.15320290806526424
15,contextual_bandit_no_novelty,synthetic_identity_bustout|0.84|0.86|0.08|0.05|0.69|0.54|0.92,synthetic_identity_bustout,-0.18806353116517247,0.9898080587640656,True,0.0,1.0,0.9006186494830147,12,False,0.0,0.0,-0.16,-0.03,0.0,0.0,-0.19
16,contextual_bandit_no_novelty,deepfake_account_takeover|1.06|1.11|0.79|0.09|0.32|0.52|0.66,deepfake_account_takeover,-0.16645874828754828,0.8760986751976225,True,0.0,1.0,0.9169418203979623,12,False,0.0,0.0,-0.16,-0.03,0.0,0.0,-0.19
17,contextual_bandit_no_novelty,deepfake_account_takeover|1.48|0.91|0.92|0.81|0.44|0.84|0.63,deepfake_account_takeover,-0.16929791586018358,0.8910416624220189,True,0.0,1.0,0.9417715197370092,12,False,0.0,0.0,-0.16,-0.03,0.0,0.0,-0.19
18,contextual_bandit_no_novelty,ai_app_scam_mule|1.23|0.57|0.33|0.41|0.38|0.84|0.75,ai_app_scam_mule,-0.16617929668284534,0.8746278772781333,True,0.0,1.0,0.9399496649773668,12,False,0.0,0.0,-0.16,-0.03,0.0,0.0,-0.19
19,contextual_bandit_no_novelty,adaptive_card_testing|1.24|1.02|0.4|0.44|0.09|0.58|0.59,adaptive_card_testing,-0.1857007060184042,0.9773721369389694,True,0.0,1.0,0.8905689476887219,12,False,0.0,0.0,-0.16,-0.03,0.0,0.0,-0.19
20,contextual_bandit_no_novelty,synthetic_identity_bustout|1.24|0.83|0.2|0.05|0.67|0.93|0.46,synthetic_identity_bustout,-0.18188876552389563,0.9573092922310296,True,0.0,1.0,0.9034751417342343,12,False,0.0,0.0,-0.16,-0.03,0.0,0.0,-0.19
21,contextual_bandit_no_novelty,deepfake_account_takeover|0.6|0.68|0.98|0.45|0.27|0.98|0.58,deepfake_account_takeover,-0.17097341843258676,0.8998600970136146,True,0.0,1.0,0.9343645722690647,12,False,0.0,0.0,-0.16,-0.03,0.0,0.0,-0.19
22,contextual_bandit_no_novelty,ai_app_scam_mule|0.85|1.78|0.12|0.55|0.07|0.81|0.59,ai_app_scam_mule,-0.1631342245738528,0.8586011819676462,True,0.0,1.0,0.8973771476974081,12,False,0.0,0.0,-0.16,-0.03,0.0,0.0,-0.19
23,contextual_bandit_no_novelty,deepfake_account_takeover|1.22|1.04|0.9|0.38|0.88|0.96|0.66,deepfake_account_takeover,-0.17394609891152094,0.915505783744847,True,0.0,1.0,0.9498767383933256,12,False,0.0,0.0,-0.16,-0.03,0.0,0.0,-0.19
24,contextual_bandit_no_novelty,synthetic_identity_bustout|1.06|1.24|0.46|0.21|0.2|0.8|0.82,synthetic_identity_bustout,-0.18076155914543185,0.9513766270812203,True,0.0,1.0,0.8814563175365763,12,False,0.0,0.0,-0.16,-0.03,0.0,0.0,-0.19
25,contextual_bandit_no_novelty,ai_app_scam_mule|1.29|1.32|0.66|0.9|0.22|0.48|0.53,ai_app_scam_mule,-0.16997139921901747,0.8945863116790392,True,0.0,1.0,0.9370802573107463,12,False,0.0,0.0,-0.16,-0.03,0.0,0.0,-0.19
26,contextual_bandit_no_novelty,deepfake_account_takeover|1.26|0.67|0.43|0.66|0.3|0.83|0.97,deepfake_account_takeover,-0.1701696452040996,0.8956297116005243,True,0.0,1.0,0.9381679773115171,12,False,0.0,0.0,-0.16,-0.03,0.0,0.0,-0.19
27,contextual_bandit_no_novelty,deepfake_account_takeover|1.06|1.11|0.79|0.09|0.32|0.52|0.66,deepfake_account_takeover,-0.1640837482875483,0.8635986751976226,True,0.0,1.0,0.935553263638325,12,False,0.0,0.0,-0.16,-0.03,0.0,0.0,-0.19
28,contextual_bandit_no_novelty,synthetic_identity_bustout|0.64|1.59|0.05|0.05|0.56|0.91|0.83,synthetic_identity_bustout,-0.18459260000000002,0.9715400000000001,True,0.0,1.0,0.8238210302356381,12,False,0.0,0.0,-0.16,-0.03,0.0,0.0,-0.19
29,contextual_bandit_no_novelty,ai_app_scam_mule|1.12|0.76|0.6|0.98|0.63|0.79|0.79,ai_app_scam_mule,-0.17235356,0.9071239999999999,True,0.0,1.0,0.9424051621192716,12,False,0.0,0.0,-0.16,-0.03,0.0,0.0,-0.19
30,contextual_bandit_no_novelty,ai_app_scam_mule|1.23|0.57|0.33|0.41|0.38|0.84|0.75,ai_app_scam_mule,-0.16997929668284528,0.8946278772781331,True,0.0,1.0,0.9391892350372953,12,False,0.0,0.0,-0.16,-0.03,0.0,0.0,-0.19
31,contextual_bandit_no_novelty,deepfake_account_takeover|0.6|0.68|0.98|0.45|0.27|0.98|0.58,deepfake_account_takeover,-0.16622341843258678,0.8748600970136147,True,0.0,1.0,0.9410218691848035,12,False,0.0,0.0,-0.16,-0.03,0.0,0.0,-0.19
32,contextual_bandit_no_novelty,ai_app_scam_mule|0.8|1.21|0.05|0.69|0.42|0.32|0.64,ai_app_scam_mule,-0.1666432263258198,0.8770696122411568,True,0.0,1.0,0.9141367669378169,12,False,0.0,0.0,-0.16,-0.03,0.0,0.0,-0.19
33,contextual_bandit_no_novelty,deepfake_account_takeover|1.22|1.04|0.9|0.38|0.88|0.96|0.66,deepfake_account_takeover,-0.16330390108847903,0.8594942162551528,True,0.0,1.0,0.9430420839547785,12,False,0.0,0.0,-0.16,-0.03,0.0,0.0,-0.19
34,contextual_bandit_no_novelty,ai_app_scam_mule|0.85|1.78|0.12|0.55|0.07|0.81|0.59,ai_app_scam_mule,-0.1683592245738528,0.8861011819676463,True,0.0,1.0,0.9155009323855577,12,False,0.0,0.0,-0.16,-0.03,0.0,0.0,-0.19
35,contextual_bandit_no_novelty,deepfake_account_takeover|1.26|0.67|0.43|0.66|0.3|0.83|0.97,deepfake_account_takeover,-0.16280535479590033,0.8568702883994754,True,0.0,1.0,0.9383685752448857,12,False,0.0,0.0,-0.16,-0.03,0.0,0.0,-0.19
