iteration,strategy,action_id,family,reward,fidelity,valid,approved_value,detection_rate,mean_risk_score,event_count,novel_evasion,value_term,evasion_term,detection_cost_term,resource_cost_term,novelty_term,validity_term,pre_fidelity_reward,source_defender,target_defender
0,contextual_bandit,agentic_intent_hijack|0.46|1.25|0.12|0.48|0.98|0.98|0.64,agentic_intent_hijack,0.2486334990403715,0.9145663033122282,True,20.096395402522568,0.9166666666666666,0.7884382028332664,12,True,0.040192790805045134,0.20833333333333343,-0.14666666666666667,-0.03,0.2,0.0,0.2718594574717119,V0,V1
1,contextual_bandit,ai_app_scam_mule|1.26|0.67|0.05|0.94|0.21|0.75|0.95,ai_app_scam_mule,-0.15907451479590035,0.8372342883994756,True,0.0,1.0,0.9434139544625264,12,False,0.0,0.0,-0.16,-0.03,0.0,0.0,-0.19,V0,V1
2,contextual_bandit,deepfake_account_takeover|0.59|1.57|0.96|0.49|0.56|0.64|0.63,deepfake_account_takeover,-0.17229869481579896,0.906835235872626,True,0.0,1.0,0.9427483277671692,12,False,0.0,0.0,-0.16,-0.03,0.0,0.0,-0.19,V0,V1
3,contextual_bandit,synthetic_identity_bustout|1.63|1.47|0.32|0.05|0.78|0.94|0.56,synthetic_identity_bustout,-0.18709997018456367,0.984736685181914,True,0.0,1.0,0.9134795603588007,12,False,0.0,0.0,-0.16,-0.03,0.0,0.0,-0.19,V0,V1
4,contextual_bandit,fake_merchant_collusion|0.99|0.54|0.37|0.13|0.98|0.45|0.84,fake_merchant_collusion,-0.18578368892709812,0.9778088890899901,True,0.0,1.0,0.834076172703151,12,False,0.0,0.0,-0.16,-0.03,0.0,0.0,-0.19,V0,V1
5,contextual_bandit,agentic_intent_hijack|2.01|1.1|0.05|0.49|0.54|0.58|0.68,agentic_intent_hijack,0.507770377514189,0.8798598080562721,True,172.71853189842528,0.9166666666666666,0.7629612565736874,12,True,0.3454370637968506,0.20833333333333343,-0.14666666666666667,-0.03,0.2,0.0,0.5771037304635174,V0,V1
6,contextual_bandit,adaptive_card_testing|0.8|1.21|0.09|0.05|0.53|0.25|0.58,adaptive_card_testing,-0.1898216743677826,0.9990614440409611,True,0.0,1.0,0.8868747772883872,12,False,0.0,0.0,-0.16,-0.03,0.0,0.0,-0.19,V0,V1
7,contextual_bandit,agentic_intent_hijack|0.46|1.25|0.12|0.48|0.98|0.98|0.64,agentic_intent_hijack,-0.17376759762932337,0.9145663033122282,True,0.0,1.0,0.7520607238019497,12,False,0.0,0.0,-0.16,-0.03,0.0,0.0,-0.19,V0,V1
8,contextual_bandit,agentic_intent_hijack|1.19|0.6|0.32|0.05|0.58|0.68|0.84,agentic_intent_hijack,-0.16725311715809044,0.8802795639899497,True,0.0,1.0,0.8428131994447777,12,False,0.0,0.0,-0.16,-0.03,0.0,0.0,-0.19,V0,V1
9,contextual_bandit,ai_app_scam_mule|0.85|1.78|0.12|0.55|0.07|0.81|0.59,ai_app_scam_mule,-0.16740922457385277,0.8811011819676462,True,0.0,1.0,0.9198447645832388,12,False,0.0,0.0,-0.16,-0.03,0.0,0.0,-0.19,V0,V1
10,contextual_bandit,deepfake_account_takeover|1.35|1.18|0.7|0.77|0.66|0.98|0.68,deepfake_account_takeover,-0.16959811013353174,0.892621632281746,True,0.0,1.0,0.9388433410116841,12,False,0.0,0.0,-0.16,-0.03,0.0,0.0,-0.19,V0,V1
11,contextual_bandit,agentic_intent_hijack|2.01|1.1|0.05|0.49|0.54|0.58|0.68,agentic_intent_hijack,0.12737198802237265,0.8998598080562721,True,54.93990649915814,0.9166666666666666,0.6372896189349473,12,False,0.10987981299831628,0.20833333333333343,-0.14666666666666667,-0.03,0.0,0.0,0.14154647966498304,V0,V1
12,contextual_bandit,fake_merchant_collusion|0.96|1.27|0.22|0.1|0.98|0.29|0.26,fake_merchant_collusion,2.1088076947083305,0.9960804623522859,True,610.2195519066264,0.6666666666666666,0.5002146504860582,12,True,1.2204391038132527,0.8333333333333335,-0.10666666666666666,-0.03,0.2,0.0,2.1171057704799194,V0,V1
13,contextual_bandit,fake_merchant_collusion|0.96|1.27|0.22|0.1|0.98|0.29|0.26,fake_merchant_collusion,2.3455761061952503,0.9835804623522859,True,954.8661540539745,0.75,0.5684955358642961,12,False,1.909732308107949,0.625,-0.12,-0.03,0.0,0.0,2.384732308107949,V0,V1
14,contextual_bandit,fake_merchant_collusion|0.96|1.27|0.22|0.1|0.98|0.29|0.26,fake_merchant_collusion,1.2599740997147495,0.9835804623522859,True,403.0038265509328,0.75,0.5049401716853542,12,False,0.8060076531018656,0.625,-0.12,-0.03,0.0,0.0,1.2810076531018655,V0,V1
15,contextual_bandit,fake_merchant_collusion|0.96|1.27|0.22|0.1|0.98|0.29|0.26,fake_merchant_collusion,2.478044845626904,0.9939195376477141,True,787.4356747520533,0.5833333333333334,0.57437061569919,12,False,1.5748713495041065,1.0416666666666665,-0.09333333333333334,-0.03,0.0,0.0,2.49320468283744,V0,V1
16,contextual_bandit,fake_merchant_collusion|0.96|1.27|0.22|0.1|0.98|0.29|0.26,fake_merchant_collusion,0.9197473987187339,0.9885804623522859,True,227.68590734143856,0.75,0.569666822525709,12,False,0.45537181468287713,0.625,-0.12,-0.03,0.0,0.0,0.9303718146828771,V0,V1
17,contextual_bandit,fake_merchant_collusion|0.96|1.27|0.22|0.1|0.98|0.29|0.26,fake_merchant_collusion,1.2804124275638127,0.988919537647714,True,299.04614437900716,0.6666666666666666,0.43118945602569325,12,False,0.5980922887580143,0.8333333333333335,-0.10666666666666666,-0.03,0.0,0.0,1.294758955424681,V0,V1
18,contextual_bandit,fake_merchant_collusion|0.96|1.27|0.22|0.1|0.98|0.29|0.26,fake_merchant_collusion,0.42794691198045753,0.991080462352286,True,89.23251015937247,0.8333333333333334,0.4972275887927205,12,False,0.17846502031874492,0.4166666666666666,-0.13333333333333333,-0.03,0.0,0.0,0.4317983536520782,V0,V1
19,contextual_bandit,fake_merchant_collusion|0.96|1.27|0.22|0.1|0.98|0.29|0.26,fake_merchant_collusion,6.00402961113464,0.9960804623522859,True,2443.8276163734163,0.5,0.33700812283123754,12,False,4.887655232746832,1.25,-0.08,-0.03,0.0,0.0,6.027655232746832,V0,V1
20,contextual_bandit,fake_merchant_collusion|0.96|1.27|0.22|0.1|0.98|0.29|0.26,fake_merchant_collusion,1.3944443938868738,0.9839195376477141,True,360.28375400523794,0.6666666666666666,0.49115853629095274,12,False,0.7205675080104759,0.8333333333333335,-0.10666666666666666,-0.03,0.0,0.0,1.4172341746771426,V0,V1
21,contextual_bandit,fake_merchant_collusion|0.96|1.27|0.22|0.1|0.98|0.29|0.26,fake_merchant_collusion,0.17258258656584094,0.998919537647714,True,70.55129528862932,0.9166666666666666,0.6542402877655705,12,False,0.14110259057725863,0.20833333333333343,-0.14666666666666667,-0.03,0.0,0.0,0.17276925724392542,V0,V1
22,contextual_bandit,fake_merchant_collusion|0.96|1.27|0.22|0.1|0.98|0.29|0.26,fake_merchant_collusion,1.309146798710274,0.971419537647714,True,214.66515777880647,0.5833333333333334,0.47295572180432616,12,False,0.429330315557613,1.0416666666666665,-0.09333333333333334,-0.03,0.0,0.0,1.3476636488909461,V0,V1
23,contextual_bandit,fake_merchant_collusion|0.96|1.27|0.22|0.1|0.98|0.29|0.26,fake_merchant_collusion,1.877105525513168,0.991080462352286,True,709.4995609932317,0.75,0.6002856771402382,12,False,1.4189991219864635,0.625,-0.12,-0.03,0.0,0.0,1.8939991219864634,V0,V1
24,contextual_bandit,fake_merchant_collusion|0.96|1.27|0.22|0.1|0.98|0.29|0.26,fake_merchant_collusion,3.446950340483409,0.9860804623522859,True,1288.6371242434284,0.5833333333333334,0.38562351854640337,12,False,2.577274248486857,1.0416666666666665,-0.09333333333333334,-0.03,0.0,0.0,3.4956075818201904,V0,V1
25,contextual_bandit,fake_merchant_collusion|0.96|1.27|0.22|0.1|0.98|0.29|0.26,fake_merchant_collusion,1.707906303579672,0.9939195376477141,True,510.84401397072173,0.6666666666666666,0.5417501376339368,12,False,1.0216880279414435,0.8333333333333335,-0.10666666666666666,-0.03,0.0,0.0,1.7183546946081103,V0,V1
26,contextual_bandit,fake_merchant_collusion|0.96|1.27|0.22|0.1|0.98|0.29|0.26,fake_merchant_collusion,4.247580094173342,0.991080462352286,True,1905.403757830064,0.75,0.5849073015997031,12,False,3.810807515660128,0.625,-0.12,-0.03,0.0,0.0,4.285807515660128,V0,V1
27,contextual_bandit,fake_merchant_collusion|0.96|1.27|0.22|0.1|0.98|0.29|0.26,fake_merchant_collusion,0.7991977928952283,0.998919537647714,True,162.53111500712237,0.75,0.48981811731399216,12,False,0.3250622300142447,0.625,-0.12,-0.03,0.0,0.0,0.8000622300142447,V0,V1
28,contextual_bandit,fake_merchant_collusion|0.96|1.27|0.22|0.1|0.98|0.29|0.26,fake_merchant_collusion,3.021550105040711,0.988919537647714,True,1068.5360381600062,0.5833333333333334,0.31963879990595495,12,False,2.1370720763200124,1.0416666666666665,-0.09333333333333334,-0.03,0.0,0.0,3.055405409653346,V0,V1
29,contextual_bandit,fake_merchant_collusion|0.96|1.27|0.22|0.1|0.98|0.29|0.26,fake_merchant_collusion,2.77670802227655,0.991080462352286,True,830.8489359613424,0.5,0.3645520882487556,12,False,1.6616978719226847,1.25,-0.08,-0.03,0.0,0.0,2.8016978719226846,V0,V1
30,contextual_bandit,fake_merchant_collusion|0.96|1.27|0.22|0.1|0.98|0.29|0.26,fake_merchant_collusion,2.3179320019977623,0.998919537647714,True,701.0529079029222,0.5833333333333334,0.5588576211653975,12,False,1.4021058158058446,1.0416666666666665,-0.09333333333333334,-0.03,0.0,0.0,2.320439149139178,V0,V1
31,contextual_bandit,fake_merchant_collusion|0.96|1.27|0.22|0.1|0.98|0.29|0.26,fake_merchant_collusion,5.212170546319861,0.988919537647714,True,2176.11878775855,0.5833333333333334,0.5660583894691925,12,False,4.352237575517099,1.0416666666666665,-0.09333333333333334,-0.03,0.0,0.0,5.270570908850432,V0,V1
32,contextual_bandit,fake_merchant_collusion|0.96|1.27|0.22|0.1|0.98|0.29|0.26,fake_merchant_collusion,1.2641622643311015,0.9939195376477141,True,287.61465664328205,0.6666666666666666,0.505761691950849,12,False,0.5752293132865641,0.8333333333333335,-0.10666666666666666,-0.03,0.0,0.0,1.2718959799532308,V0,V1
33,contextual_bandit,fake_merchant_collusion|0.96|1.27|0.22|0.1|0.98|0.29|0.26,fake_merchant_collusion,1.838060045574905,0.9839195376477141,True,696.5499782986374,0.75,0.5165220632012083,12,False,1.3930999565972748,0.625,-0.12,-0.03,0.0,0.0,1.8680999565972745,V0,V1
34,contextual_bandit,fake_merchant_collusion|0.96|1.27|0.22|0.1|0.98|0.29|0.26,fake_merchant_collusion,0.3601763219623854,0.9785804623522859,True,57.36333179488197,0.8333333333333334,0.5955316133511211,12,False,0.11472666358976394,0.4166666666666666,-0.13333333333333333,-0.03,0.0,0.0,0.3680599969230972,V0,V1
35,contextual_bandit,fake_merchant_collusion|0.96|1.27|0.22|0.1|0.98|0.29|0.26,fake_merchant_collusion,0.7586572061782314,0.998919537647714,True,253.0722300040003,0.8333333333333334,0.44947564582622324,12,False,0.5061444600080006,0.4166666666666666,-0.13333333333333333,-0.03,0.0,0.0,0.7594777933413339,V0,V1
36,contextual_bandit,fake_merchant_collusion|0.96|1.27|0.22|0.1|0.98|0.29|0.26,fake_merchant_collusion,0.44291790626417926,0.991080462352286,True,96.78537536679909,0.8333333333333334,0.6798711177489533,12,False,0.19357075073359817,0.4166666666666666,-0.13333333333333333,-0.03,0.0,0.0,0.4469040840669314,V0,V1
37,contextual_bandit,fake_merchant_collusion|0.96|1.27|0.22|0.1|0.98|0.29|0.26,fake_merchant_collusion,0.33501696892994764,0.9689195376477141,True,46.21506185295955,0.8333333333333334,0.5746911777233158,12,False,0.0924301237059191,0.4166666666666666,-0.13333333333333333,-0.03,0.0,0.0,0.3457634570392524,V0,V1
38,contextual_bandit,fake_merchant_collusion|0.96|1.27|0.22|0.1|0.98|0.29|0.26,fake_merchant_collusion,9.651524478227849,0.9960804623522859,True,4385.584758050252,0.5833333333333334,0.3804418868495704,12,False,8.771169516100505,1.0416666666666665,-0.09333333333333334,-0.03,0.0,0.0,9.689502849433838,V0,V1
39,contextual_bandit,fake_merchant_collusion|0.96|1.27|0.22|0.1|0.98|0.29|0.26,fake_merchant_collusion,0.44119417558626894,0.9960804623522859,True,94.7984620360741,0.8333333333333334,0.43288860846969307,12,False,0.1895969240721482,0.4166666666666666,-0.13333333333333333,-0.03,0.0,0.0,0.4429302574054814,V0,V1
40,contextual_bandit,fake_merchant_collusion|0.96|1.27|0.22|0.1|0.98|0.29|0.26,fake_merchant_collusion,1.8625803001955494,0.9960804623522859,True,475.7880737350213,0.5833333333333334,0.4593945490451601,12,False,0.9515761474700427,1.0416666666666665,-0.09333333333333334,-0.03,0.0,0.0,1.8699094808033758,V0,V1
41,contextual_bandit,fake_merchant_collusion|0.96|1.27|0.22|0.1|0.98|0.29|0.26,fake_merchant_collusion,0.524204233924586,0.9939195376477141,True,137.0389020784693,0.8333333333333334,0.51719167812159,12,False,0.2740778041569386,0.4166666666666666,-0.13333333333333333,-0.03,0.0,0.0,0.5274111374902719,V0,V1
42,contextual_bandit,fake_merchant_collusion|0.96|1.27|0.22|0.1|0.98|0.29|0.26,fake_merchant_collusion,2.2152974704907247,0.998919537647714,True,649.6801358032168,0.5833333333333334,0.40840276414796745,12,False,1.2993602716064336,1.0416666666666665,-0.09333333333333334,-0.03,0.0,0.0,2.2176936049397673,V0,V1
43,contextual_bandit,fake_merchant_collusion|0.96|1.27|0.22|0.1|0.98|0.29|0.26,fake_merchant_collusion,4.957664840298923,0.9814195376477141,True,2066.59558389009,0.5833333333333334,0.3930336863089936,12,False,4.13319116778018,1.0416666666666665,-0.09333333333333334,-0.03,0.0,0.0,5.051524501113513,V0,V1
44,contextual_bandit,fake_merchant_collusion|0.96|1.27|0.22|0.1|0.98|0.29|0.26,fake_merchant_collusion,1.3812817044176589,0.988919537647714,True,350.0458834951833,0.6666666666666666,0.4293259094965493,12,False,0.7000917669903667,0.8333333333333335,-0.10666666666666666,-0.03,0.0,0.0,1.3967584336570336,V0,V1
45,contextual_bandit,fake_merchant_collusion|0.96|1.27|0.22|0.1|0.98|0.29|0.26,fake_merchant_collusion,0.7111579059700469,0.991080462352286,True,121.27909664475925,0.75,0.5347639434306514,12,False,0.2425581932895185,0.625,-0.12,-0.03,0.0,0.0,0.7175581932895184,V0,V1
46,contextual_bandit,fake_merchant_collusion|0.96|1.27|0.22|0.1|0.98|0.29|0.26,fake_merchant_collusion,0.5123786924112359,0.9635804623522859,True,139.2056254927347,0.8333333333333334,0.5580600563971212,12,False,0.27841125098546937,0.4166666666666666,-0.13333333333333333,-0.03,0.0,0.0,0.5317445843188027,V0,V1
47,contextual_bandit,fake_merchant_collusion|0.96|1.27|0.22|0.1|0.98|0.29|0.26,fake_merchant_collusion,0.4344842198323094,0.998919537647714,True,90.81041905309311,0.8333333333333334,0.6348652364558657,12,False,0.18162083810618623,0.4166666666666666,-0.13333333333333333,-0.03,0.0,0.0,0.43495417143951953,V0,V1
48,contextual_bandit,fake_merchant_collusion|0.96|1.27|0.22|0.1|0.98|0.29|0.26,fake_merchant_collusion,2.6578086116015234,0.998919537647714,True,871.1750232457218,0.5833333333333334,0.5585815869189324,12,False,1.7423500464914436,1.0416666666666665,-0.09333333333333334,-0.03,0.0,0.0,2.660683379824777,V0,V1
49,contextual_bandit,fake_merchant_collusion|0.96|1.27|0.22|0.1|0.98|0.29|0.26,fake_merchant_collusion,5.503862165435456,0.998919537647714,True,2184.907656724844,0.5,0.5033735169424817,12,False,4.3698153134496875,1.25,-0.08,-0.03,0.0,0.0,5.509815313449687,V0,V1
50,contextual_bandit,fake_merchant_collusion|0.96|1.27|0.22|0.1|0.98|0.29|0.26,fake_merchant_collusion,0.941677586267883,0.998919537647714,True,233.84806697513096,0.75,0.5042831761955059,12,False,0.46769613395026194,0.625,-0.12,-0.03,0.0,0.0,0.9426961339502619,V0,V1
51,contextual_bandit,fake_merchant_collusion|0.96|1.27|0.22|0.1|0.98|0.29|0.26,fake_merchant_collusion,0.9421002267052389,0.9735804623522859,True,246.33275093103907,0.75,0.49721915605559114,12,False,0.49266550186207814,0.625,-0.12,-0.03,0.0,0.0,0.9676655018620782,V0,V1
52,contextual_bandit,fake_merchant_collusion|0.96|1.27|0.22|0.1|0.98|0.29|0.26,fake_merchant_collusion,1.1898521009888305,0.9939195376477141,True,250.2322727945154,0.6666666666666666,0.5182321334541526,12,False,0.5004645455890309,0.8333333333333335,-0.10666666666666666,-0.03,0.0,0.0,1.1971312122556976,V0,V1
53,contextual_bandit,fake_merchant_collusion|0.96|1.27|0.22|0.1|0.98|0.29|0.26,fake_merchant_collusion,0.6893387673695134,0.998919537647714,True,107.54218877968353,0.75,0.5656813609741758,12,False,0.21508437755936705,0.625,-0.12,-0.03,0.0,0.0,0.690084377559367,V0,V1
54,contextual_bandit,fake_merchant_collusion|0.96|1.27|0.22|0.1|0.98|0.29|0.26,fake_merchant_collusion,2.9536907719554337,0.9864195376477141,True,1370.5110854077773,0.8333333333333334,0.4924160490380369,12,False,2.7410221708155547,0.4166666666666666,-0.13333333333333333,-0.03,0.0,0.0,2.994355504148888,V0,V1
55,contextual_bandit,fake_merchant_collusion|0.96|1.27|0.22|0.1|0.98|0.29|0.26,fake_merchant_collusion,0.8589799036154976,0.9735804623522859,True,314.4781266152878,0.8333333333333334,0.5217200647006167,12,False,0.6289562532305756,0.4166666666666666,-0.13333333333333333,-0.03,0.0,0.0,0.8822895865639089,V0,V1
56,contextual_bandit,fake_merchant_collusion|0.96|1.27|0.22|0.1|0.98|0.29|0.26,fake_merchant_collusion,0.4502031647374267,0.9939195376477141,True,99.8120107738191,0.8333333333333334,0.5365316890872075,12,False,0.1996240215476382,0.4166666666666666,-0.13333333333333333,-0.03,0.0,0.0,0.45295735488097144,V0,V1
57,contextual_bandit,fake_merchant_collusion|0.96|1.27|0.22|0.1|0.98|0.29|0.26,fake_merchant_collusion,0.9739780202591185,0.976419537647714,True,261.24976007010395,0.75,0.4605121157231664,12,False,0.5224995201402078,0.625,-0.12,-0.03,0.0,0.0,0.9974995201402079,V0,V1
58,contextual_bandit,fake_merchant_collusion|0.96|1.27|0.22|0.1|0.98|0.29|0.26,fake_merchant_collusion,0.8053628695707248,0.9960804623522859,True,166.76597047633408,0.75,0.5418469702157723,12,False,0.33353194095266814,0.625,-0.12,-0.03,0.0,0.0,0.8085319409526681,V0,V1
59,contextual_bandit,fake_merchant_collusion|0.96|1.27|0.22|0.1|0.98|0.29|0.26,fake_merchant_collusion,0.8077957787967586,0.9885804623522859,True,171.06349561807158,0.75,0.571539414593255,12,False,0.34212699123614315,0.625,-0.12,-0.03,0.0,0.0,0.8171269912361431,V0,V1
60,contextual_bandit,fake_merchant_collusion|0.96|1.27|0.22|0.1|0.98|0.29|0.26,fake_merchant_collusion,0.6448198540995027,0.991080462352286,True,87.81155571821641,0.75,0.5670096297602698,12,False,0.17562311143643283,0.625,-0.12,-0.03,0.0,0.0,0.6506231114364328,V0,V1
61,contextual_bandit,fake_merchant_collusion|0.96|1.27|0.22|0.1|0.98|0.29|0.26,fake_merchant_collusion,0.8339198552480392,0.9864195376477141,True,296.03372775002526,0.8333333333333334,0.5543060830327531,12,False,0.5920674555000506,0.4166666666666666,-0.13333333333333333,-0.03,0.0,0.0,0.8454007888333839,V0,V1
62,contextual_bandit,fake_merchant_collusion|0.96|1.27|0.22|0.1|0.98|0.29|0.26,fake_merchant_collusion,5.658143089965484,0.988919537647714,True,2290.770201498993,0.5,0.3125098918993033,12,False,4.5815404029979865,1.25,-0.08,-0.03,0.0,0.0,5.721540402997986,V0,V1
63,contextual_bandit,fake_merchant_collusion|0.96|1.27|0.22|0.1|0.98|0.29|0.26,fake_merchant_collusion,0.8504236076605195,0.991080462352286,True,191.5386300432542,0.75,0.6250142331740033,12,False,0.3830772600865084,0.625,-0.12,-0.03,0.0,0.0,0.8580772600865084,V0,V1
64,contextual_bandit,fake_merchant_collusion|0.96|1.27|0.22|0.1|0.98|0.29|0.26,fake_merchant_collusion,1.1159767526005935,0.9885804623522859,True,216.10061772067252,0.6666666666666666,0.44278596963688943,12,False,0.43220123544134503,0.8333333333333335,-0.10666666666666666,-0.03,0.0,0.0,1.128867902108012,V0,V1
65,contextual_bandit,fake_merchant_collusion|0.96|1.27|0.22|0.1|0.98|0.29|0.26,fake_merchant_collusion,7.886818843596192,0.988919537647714,True,3528.4271381620433,0.5833333333333334,0.42911832517198056,12,False,7.056854276324087,1.0416666666666665,-0.09333333333333334,-0.03,0.0,0.0,7.975187609657419,V0,V1
66,contextual_bandit,fake_merchant_collusion|0.96|1.27|0.22|0.1|0.98|0.29|0.26,fake_merchant_collusion,0.653540778663141,0.9960804623522859,True,90.55621802870075,0.75,0.5494313866304475,12,False,0.18111243605740152,0.625,-0.12,-0.03,0.0,0.0,0.6561124360574014,V0,V1
67,contextual_bandit,fake_merchant_collusion|0.96|1.27|0.22|0.1|0.98|0.29|0.26,fake_merchant_collusion,0.9675165341045648,0.998919537647714,True,246.78151499714485,0.75,0.5088601287206352,12,False,0.4935630299942897,0.625,-0.12,-0.03,0.0,0.0,0.9685630299942897,V0,V1
68,contextual_bandit,fake_merchant_collusion|0.96|1.27|0.22|0.1|0.98|0.29|0.26,fake_merchant_collusion,1.9367268358461762,0.991080462352286,True,407.0785064461064,0.5,0.42744425282737747,12,False,0.8141570128922129,1.25,-0.08,-0.03,0.0,0.0,1.9541570128922128,V0,V1
69,contextual_bandit,fake_merchant_collusion|0.96|1.27|0.22|0.1|0.98|0.29|0.26,fake_merchant_collusion,0.8013174882236735,0.9960804623522859,True,275.5686539274793,0.8333333333333334,0.6550672530265181,12,False,0.5511373078549586,0.4166666666666666,-0.13333333333333333,-0.03,0.0,0.0,0.8044706411882918,V0,V1
70,contextual_bandit,fake_merchant_collusion|0.96|1.27|0.22|0.1|0.98|0.29|0.26,fake_merchant_collusion,0.23156809228490835,0.991080462352286,True,100.99274743476673,0.9166666666666666,0.6696200361030931,12,False,0.20198549486953346,0.20833333333333343,-0.14666666666666667,-0.03,0.0,0.0,0.23365216153620025,V0,V1
71,contextual_bandit,fake_merchant_collusion|0.96|1.27|0.22|0.1|0.98|0.29|0.26,fake_merchant_collusion,1.2534659804970825,0.981080462352286,True,290.48581993555945,0.6666666666666666,0.48236178369981725,12,False,0.5809716398711189,0.8333333333333335,-0.10666666666666666,-0.03,0.0,0.0,1.2776383065377857,V0,V1
0,hardening_search_v1,deepfake_account_takeover|1.4|1.13|0.56|0.98|0.57|0.81|0.74,deepfake_account_takeover,-0.16632144,0.8753759999999999,True,0.0,1.0,0.9452553821794799,12,False,0.0,0.0,-0.16,-0.03,0.0,0.0,-0.19,V1,V2
1,hardening_search_v1,adaptive_card_testing|0.47|1.13|0.32|0.05|0.98|0.88|0.6,adaptive_card_testing,-0.18475998228478263,0.9724209593935927,True,0.0,1.0,0.8909755064007583,12,False,0.0,0.0,-0.16,-0.03,0.0,0.0,-0.19,V1,V2
2,hardening_search_v1,ai_app_scam_mule|1.52|0.49|0.53|0.82|0.2|0.58|0.52,ai_app_scam_mule,-0.1689428553231295,0.8891729227533132,True,0.0,1.0,0.9364770991588901,12,False,0.0,0.0,-0.16,-0.03,0.0,0.0,-0.19,V1,V2
3,hardening_search_v1,fake_merchant_collusion|1.59|0.85|0.14|0.08|0.94|0.82|0.9,fake_merchant_collusion,-0.18315132482469706,0.9639543411826161,True,0.0,1.0,0.910366643299263,12,False,0.0,0.0,-0.16,-0.03,0.0,0.0,-0.19,V1,V2
4,hardening_search_v1,ai_app_scam_mule|1.86|1.74|0.13|0.74|0.05|0.85|0.74,ai_app_scam_mule,-0.16139182205980798,0.8494306424200421,True,0.0,1.0,0.9376543912608014,12,False,0.0,0.0,-0.16,-0.03,0.0,0.0,-0.19,V1,V2
5,hardening_search_v1,synthetic_identity_bustout|0.45|0.76|0.07|0.05|0.61|0.73|0.71,synthetic_identity_bustout,-0.18526835942884384,0.9750966285728624,True,0.0,1.0,0.9000786939235338,12,False,0.0,0.0,-0.16,-0.03,0.0,0.0,-0.19,V1,V2
6,hardening_search_v1,deepfake_account_takeover|0.69|0.86|0.83|0.21|0.05|0.81|0.79,deepfake_account_takeover,-0.1621905102564411,0.8536342645075847,True,0.0,1.0,0.9354785706837424,12,False,0.0,0.0,-0.16,-0.03,0.0,0.0,-0.19,V1,V2
7,hardening_search_v1,agentic_intent_hijack|1.41|0.9|0.28|0.05|0.93|0.62|0.84,agentic_intent_hijack,-0.17431735345677565,0.9174597550356614,True,0.0,1.0,0.9267299681138179,12,False,0.0,0.0,-0.16,-0.03,0.0,0.0,-0.19,V1,V2
8,hardening_search_v1,ai_app_scam_mule|0.57|1.87|0.05|0.36|0.56|0.86|0.55,ai_app_scam_mule,-0.17146994542061528,0.9024733969506067,True,0.0,1.0,0.9261535428537623,12,False,0.0,0.0,-0.16,-0.03,0.0,0.0,-0.19,V1,V2
9,hardening_search_v1,synthetic_identity_bustout|1.78|1.17|0.05|0.24|0.67|0.53|0.45,synthetic_identity_bustout,-0.18432930021283553,0.9701542116465027,True,0.0,1.0,0.9080123892745462,12,False,0.0,0.0,-0.16,-0.03,0.0,0.0,-0.19,V1,V2
10,hardening_search_v1,adaptive_card_testing|0.45|1.3|0.13|0.05|0.09|0.64|0.79,adaptive_card_testing,-0.17703763818657145,0.9317770430872182,True,0.0,1.0,0.8494722486361481,12,False,0.0,0.0,-0.16,-0.03,0.0,0.0,-0.19,V1,V2
11,hardening_search_v1,fake_merchant_collusion|1.4|0.6|0.31|0.2|0.9|0.22|0.57,fake_merchant_collusion,-0.187271315927064,0.9856385048792842,True,0.0,1.0,0.9163260604669748,12,False,0.0,0.0,-0.16,-0.03,0.0,0.0,-0.19,V1,V2
12,hardening_search_v1,agentic_intent_hijack|0.57|1.15|0.23|0.56|0.42|0.71|0.82,agentic_intent_hijack,0.2845014240945768,0.9098787534273443,True,40.506960921759806,0.9166666666666666,0.7924577297809279,12,True,0.08101392184351962,0.20833333333333343,-0.14666666666666667,-0.03,0.2,0.0,0.31268058851018643,V1,V2
13,hardening_search_v1,deepfake_account_takeover|1.4|1.13|0.56|0.98|0.57|0.81|0.74,deepfake_account_takeover,-0.17377855999999997,0.9146239999999999,True,0.0,1.0,0.936038700824119,12,False,0.0,0.0,-0.16,-0.03,0.0,0.0,-0.19,V1,V2
14,hardening_search_v1,agentic_intent_hijack|1.09|0.78|0.69|0.3|0.58|0.92|0.58,agentic_intent_hijack,-0.1743102519401087,0.9174223786321511,True,0.0,1.0,0.9157850603078878,12,False,0.0,0.0,-0.16,-0.03,0.0,0.0,-0.19,V1,V2
15,hardening_search_v1,fake_merchant_collusion|0.54|1.08|0.18|0.4|0.71|0.86|0.96,fake_merchant_collusion,-0.1890360474882836,0.9949265657278084,True,0.0,1.0,0.8915704212071681,12,False,0.0,0.0,-0.16,-0.03,0.0,0.0,-0.19,V1,V2
16,hardening_search_v1,adaptive_card_testing|0.71|0.68|0.05|0.05|0.51|0.84|0.5,adaptive_card_testing,-0.18459260000000002,0.9715400000000001,True,0.0,1.0,0.8880427858793899,12,False,0.0,0.0,-0.16,-0.03,0.0,0.0,-0.19,V1,V2
17,hardening_search_v1,agentic_intent_hijack|0.57|1.15|0.23|0.56|0.42|0.71|0.82,agentic_intent_hijack,0.12423864340635224,0.9001212465726556,True,53.178838015476124,0.9166666666666666,0.7976595973143014,12,False,0.10635767603095225,0.20833333333333343,-0.14666666666666667,-0.03,0.0,0.0,0.138024342697619,V1,V2
18,hardening_search_v1,agentic_intent_hijack|0.89|1.59|0.05|0.05|0.48|0.62|0.87,agentic_intent_hijack,-0.17414259999999998,0.9165399999999999,True,0.0,1.0,0.8018734410101084,12,False,0.0,0.0,-0.16,-0.03,0.0,0.0,-0.19,V1,V2
19,hardening_search_v1,ai_app_scam_mule|0.87|1.27|0.05|0.62|0.55|0.35|0.72,ai_app_scam_mule,-0.16605980621353408,0.873998980071232,True,0.0,1.0,0.9421290608115406,12,False,0.0,0.0,-0.16,-0.03,0.0,0.0,-0.19,V1,V2
20,hardening_search_v1,adaptive_card_testing|0.86|1.66|0.43|0.06|0.98|0.67|0.77,adaptive_card_testing,-0.18828963137819316,0.9909980598852272,True,0.0,1.0,0.8958501117174088,12,False,0.0,0.0,-0.16,-0.03,0.0,0.0,-0.19,V1,V2
21,hardening_search_v1,synthetic_identity_bustout|0.99|0.79|0.05|0.49|0.51|0.89|0.85,synthetic_identity_bustout,-0.17948300606260706,0.9446474003295108,True,0.0,1.0,0.904812995265461,12,False,0.0,0.0,-0.16,-0.03,0.0,0.0,-0.19,V1,V2
22,hardening_search_v1,deepfake_account_takeover|0.69|0.86|0.83|0.21|0.05|0.81|0.79,deepfake_account_takeover,-0.16029051025644112,0.8436342645075848,True,0.0,1.0,0.9372694713688854,12,False,0.0,0.0,-0.16,-0.03,0.0,0.0,-0.19,V1,V2
23,hardening_search_v1,ai_app_scam_mule|1.52|0.49|0.53|0.82|0.2|0.58|0.52,ai_app_scam_mule,-0.1698928553231295,0.8941729227533132,True,0.0,1.0,0.9422438862713155,12,False,0.0,0.0,-0.16,-0.03,0.0,0.0,-0.19,V1,V2
24,hardening_search_v1,ai_app_scam_mule|1.86|1.74|0.13|0.74|0.05|0.85|0.74,ai_app_scam_mule,-0.16519182205980798,0.869430642420042,True,0.0,1.0,0.9312471801872664,12,False,0.0,0.0,-0.16,-0.03,0.0,0.0,-0.19,V1,V2
25,hardening_search_v1,agentic_intent_hijack|0.57|1.15|0.23|0.56|0.42|0.71|0.82,agentic_intent_hijack,-0.16437303684880453,0.8651212465726554,True,0.0,1.0,0.852127892762142,12,False,0.0,0.0,-0.16,-0.03,0.0,0.0,-0.19,V1,V2
26,hardening_search_v1,deepfake_account_takeover|1.4|1.13|0.56|0.98|0.57|0.81|0.74,deepfake_account_takeover,-0.17012143999999998,0.895376,True,0.0,1.0,0.9395716731037324,12,False,0.0,0.0,-0.16,-0.03,0.0,0.0,-0.19,V1,V2
27,hardening_search_v1,ai_app_scam_mule|0.57|1.87|0.05|0.36|0.56|0.86|0.55,ai_app_scam_mule,-0.16814494542061525,0.8849733969506066,True,0.0,1.0,0.934874140672321,12,False,0.0,0.0,-0.16,-0.03,0.0,0.0,-0.19,V1,V2
28,hardening_search_v1,agentic_intent_hijack|1.09|0.78|0.69|0.3|0.58|0.92|0.58,agentic_intent_hijack,-0.16721474805989126,0.8800776213678487,True,0.0,1.0,0.8929748073563913,12,False,0.0,0.0,-0.16,-0.03,0.0,0.0,-0.19,V1,V2
29,hardening_search_v1,fake_merchant_collusion|0.54|1.08|0.18|0.4|0.71|0.86|0.96,fake_merchant_collusion,-0.1838389525117164,0.9675734342721916,True,0.0,1.0,0.9045832239965876,12,False,0.0,0.0,-0.16,-0.03,0.0,0.0,-0.19,V1,V2
30,hardening_search_v1,adaptive_card_testing|0.45|1.3|0.13|0.05|0.09|0.64|0.79,adaptive_card_testing,-0.17656263818657145,0.9292770430872181,True,0.0,1.0,0.878882027574118,12,False,0.0,0.0,-0.16,-0.03,0.0,0.0,-0.19,V1,V2
31,hardening_search_v1,synthetic_identity_bustout|1.65|0.91|0.41|0.42|0.61|0.5|0.72,synthetic_identity_bustout,-0.1850457818782533,0.9739251677802805,True,0.0,1.0,0.9024729162306078,12,False,0.0,0.0,-0.16,-0.03,0.0,0.0,-0.19,V1,V2
32,hardening_search_v1,fake_merchant_collusion|1.74|0.56|0.28|0.23|0.98|0.75|0.43,fake_merchant_collusion,-0.18711965459890645,0.9848402873626655,True,0.0,1.0,0.9190563017545208,12,False,0.0,0.0,-0.16,-0.03,0.0,0.0,-0.19,V1,V2
33,hardening_search_v1,deepfake_account_takeover|0.8|1.35|0.33|0.6|0.48|0.98|0.59,deepfake_account_takeover,-0.1682186590912321,0.8853613636380636,True,0.0,1.0,0.9419169007327843,12,False,0.0,0.0,-0.16,-0.03,0.0,0.0,-0.19,V1,V2
34,hardening_search_v1,agentic_intent_hijack|1.28|1.22|0.07|0.13|0.61|0.88|0.73,agentic_intent_hijack,-0.17315781058365512,0.9113568978087112,True,0.0,1.0,0.90671814048841,12,False,0.0,0.0,-0.16,-0.03,0.0,0.0,-0.19,V1,V2
35,hardening_search_v1,ai_app_scam_mule|1.86|1.74|0.13|0.74|0.05|0.85|0.74,ai_app_scam_mule,-0.154741822059808,0.814430642420042,True,0.0,1.0,0.9387606532110007,12,False,0.0,0.0,-0.16,-0.03,0.0,0.0,-0.19,V1,V2
36,hardening_search_v1,agentic_intent_hijack|0.57|1.15|0.23|0.56|0.42|0.71|0.82,agentic_intent_hijack,-0.16912303684880456,0.8901212465726556,True,0.0,1.0,0.9064806502745323,12,False,0.0,0.0,-0.16,-0.03,0.0,0.0,-0.19,V1,V2
37,hardening_search_v1,adaptive_card_testing|0.86|1.66|0.43|0.06|0.98|0.67|0.77,adaptive_card_testing,-0.18543963137819316,0.9759980598852271,True,0.0,1.0,0.9078576857661359,12,False,0.0,0.0,-0.16,-0.03,0.0,0.0,-0.19,V1,V2
38,hardening_search_v1,ai_app_scam_mule|0.57|1.87|0.05|0.36|0.56|0.86|0.55,ai_app_scam_mule,-0.17336994542061526,0.9124733969506067,True,0.0,1.0,0.9282826020757718,12,False,0.0,0.0,-0.16,-0.03,0.0,0.0,-0.19,V1,V2
39,hardening_search_v1,agentic_intent_hijack|1.09|0.78|0.69|0.3|0.58|0.92|0.58,agentic_intent_hijack,-0.16768974805989126,0.8825776213678487,True,0.0,1.0,0.9249891644948757,12,False,0.0,0.0,-0.16,-0.03,0.0,0.0,-0.19,V1,V2
40,hardening_search_v1,fake_merchant_collusion|1.09|1.36|0.47|0.26|0.9|0.7|0.78,fake_merchant_collusion,-0.18919222505166183,0.9957485529034833,True,0.0,1.0,0.9179038111343925,12,False,0.0,0.0,-0.16,-0.03,0.0,0.0,-0.19,V1,V2
41,hardening_search_v1,deepfake_account_takeover|1.4|1.13|0.56|0.98|0.57|0.81|0.74,deepfake_account_takeover,-0.16950356,0.8921239999999999,True,0.0,1.0,0.9427349106849027,12,False,0.0,0.0,-0.16,-0.03,0.0,0.0,-0.19,V1,V2
42,hardening_search_v1,ai_app_scam_mule|1.52|0.49|0.53|0.82|0.2|0.58|0.52,ai_app_scam_mule,-0.1708428553231295,0.8991729227533132,True,0.0,1.0,0.9411005700702723,12,False,0.0,0.0,-0.16,-0.03,0.0,0.0,-0.19,V1,V2
43,hardening_search_v1,synthetic_identity_bustout|0.45|0.76|0.07|0.05|0.61|0.73|0.71,synthetic_identity_bustout,-0.18241835942884385,0.9600966285728624,True,0.0,1.0,0.9030560793192781,12,False,0.0,0.0,-0.16,-0.03,0.0,0.0,-0.19,V1,V2
44,hardening_search_v1,deepfake_account_takeover|0.69|0.86|0.83|0.21|0.05|0.81|0.79,deepfake_account_takeover,-0.16076551025644112,0.8461342645075848,True,0.0,1.0,0.9383115469920726,12,False,0.0,0.0,-0.16,-0.03,0.0,0.0,-0.19,V1,V2
45,hardening_search_v1,fake_merchant_collusion|1.4|0.6|0.31|0.2|0.9|0.22|0.57,fake_merchant_collusion,-0.189171315927064,0.9956385048792842,True,0.0,1.0,0.9076541372971652,12,False,0.0,0.0,-0.16,-0.03,0.0,0.0,-0.19,V1,V2
46,hardening_search_v1,agentic_intent_hijack|1.41|0.9|0.28|0.05|0.93|0.62|0.84,agentic_intent_hijack,-0.17336735345677565,0.9124597550356612,True,0.0,1.0,0.9240671853589281,12,False,0.0,0.0,-0.16,-0.03,0.0,0.0,-0.19,V1,V2
47,hardening_search_v1,adaptive_card_testing|1.42|1.36|0.43|0.09|0.53|0.72|0.48,adaptive_card_testing,-0.1820719957557897,0.9582736618725773,True,0.0,1.0,0.8911931152488579,12,False,0.0,0.0,-0.16,-0.03,0.0,0.0,-0.19,V1,V2
48,hardening_search_v1,agentic_intent_hijack|0.57|1.15|0.23|0.56|0.42|0.71|0.82,agentic_intent_hijack,-0.16912303684880456,0.8901212465726556,True,0.0,1.0,0.9155223148568573,12,False,0.0,0.0,-0.16,-0.03,0.0,0.0,-0.19,V1,V2
49,hardening_search_v1,ai_app_scam_mule|0.87|1.27|0.05|0.62|0.55|0.35|0.72,ai_app_scam_mule,-0.1665348062135341,0.8764989800712321,True,0.0,1.0,0.9354226254800108,12,False,0.0,0.0,-0.16,-0.03,0.0,0.0,-0.19,V1,V2
50,hardening_search_v1,deepfake_account_takeover|1.4|1.13|0.56|0.98|0.57|0.81|0.74,deepfake_account_takeover,-0.16679644,0.8778759999999999,True,0.0,1.0,0.9465008651684407,12,False,0.0,0.0,-0.16,-0.03,0.0,0.0,-0.19,V1,V2
51,hardening_search_v1,adaptive_card_testing|1.26|0.61|0.31|0.05|0.66|0.69|0.87,adaptive_card_testing,-0.18536907911364567,0.9756267321770824,True,0.0,1.0,0.9054473524948436,12,False,0.0,0.0,-0.16,-0.03,0.0,0.0,-0.19,V1,V2
52,hardening_search_v1,ai_app_scam_mule|1.86|1.74|0.13|0.74|0.05|0.85|0.74,ai_app_scam_mule,-0.167091822059808,0.879430642420042,True,0.0,1.0,0.9345006835354622,12,False,0.0,0.0,-0.16,-0.03,0.0,0.0,-0.19,V1,V2
53,hardening_search_v1,synthetic_identity_bustout|1.04|1.13|0.06|0.26|0.25|0.58|0.51,synthetic_identity_bustout,-0.18117313369323232,0.953542808911749,True,0.0,1.0,0.8848256456734921,12,False,0.0,0.0,-0.16,-0.03,0.0,0.0,-0.19,V1,V2
54,hardening_search_v1,ai_app_scam_mule|1.52|0.49|0.53|0.82|0.2|0.58|0.52,ai_app_scam_mule,-0.1603928553231295,0.8441729227533131,True,0.0,1.0,0.9407753328069045,12,False,0.0,0.0,-0.16,-0.03,0.0,0.0,-0.19,V1,V2
55,hardening_search_v1,agentic_intent_hijack|1.09|0.78|0.69|0.3|0.58|0.92|0.58,agentic_intent_hijack,-0.17148974805989126,0.9025776213678487,True,0.0,1.0,0.8633172816209224,12,False,0.0,0.0,-0.16,-0.03,0.0,0.0,-0.19,V1,V2
56,hardening_search_v1,adaptive_card_testing|0.71|0.68|0.05|0.05|0.51|0.84|0.5,adaptive_card_testing,-0.18459260000000002,0.9715400000000001,True,0.0,1.0,0.895089177404918,12,False,0.0,0.0,-0.16,-0.03,0.0,0.0,-0.19,V1,V2
57,hardening_search_v1,fake_merchant_collusion|0.54|1.08|0.18|0.4|0.71|0.86|0.96,fake_merchant_collusion,-0.1861860474882836,0.9799265657278085,True,0.0,1.0,0.892622909002526,12,False,0.0,0.0,-0.16,-0.03,0.0,0.0,-0.19,V1,V2
58,hardening_search_v1,agentic_intent_hijack|1.41|0.9|0.28|0.05|0.93|0.62|0.84,agentic_intent_hijack,-0.17338264654322433,0.9125402449643385,True,0.0,1.0,0.927790863780173,12,False,0.0,0.0,-0.16,-0.03,0.0,0.0,-0.19,V1,V2
59,hardening_search_v1,deepfake_account_takeover|0.69|0.86|0.83|0.21|0.05|0.81|0.79,deepfake_account_takeover,-0.1640905102564411,0.8636342645075847,True,0.0,1.0,0.9295986062216565,12,False,0.0,0.0,-0.16,-0.03,0.0,0.0,-0.19,V1,V2
60,hardening_search_v1,ai_app_scam_mule|1.07|0.76|0.24|0.65|0.71|0.87|0.79,ai_app_scam_mule,-0.17099809008429206,0.8999899478120634,True,0.0,1.0,0.9425321289369594,12,False,0.0,0.0,-0.16,-0.03,0.0,0.0,-0.19,V1,V2
61,hardening_search_v1,agentic_intent_hijack|0.57|1.15|0.23|0.56|0.42|0.71|0.82,agentic_intent_hijack,-0.16912303684880456,0.8901212465726556,True,0.0,1.0,0.8850784507972134,12,False,0.0,0.0,-0.16,-0.03,0.0,0.0,-0.19,V1,V2
62,hardening_search_v1,deepfake_account_takeover|1.4|1.13|0.56|0.98|0.57|0.81|0.74,deepfake_account_takeover,-0.17249643999999997,0.9078759999999999,True,0.0,1.0,0.9408310446838725,12,False,0.0,0.0,-0.16,-0.03,0.0,0.0,-0.19,V1,V2
63,hardening_search_v1,ai_app_scam_mule|0.57|1.87|0.05|0.36|0.56|0.86|0.55,ai_app_scam_mule,-0.17051994542061524,0.8974733969506066,True,0.0,1.0,0.9243833859368505,12,False,0.0,0.0,-0.16,-0.03,0.0,0.0,-0.19,V1,V2
64,hardening_search_v1,fake_merchant_collusion|1.74|0.56|0.28|0.23|0.98|0.75|0.43,fake_merchant_collusion,-0.18379465459890645,0.9673402873626655,True,0.0,1.0,0.9227481148889546,12,False,0.0,0.0,-0.16,-0.03,0.0,0.0,-0.19,V1,V2
65,hardening_search_v1,agentic_intent_hijack|1.28|1.22|0.07|0.13|0.61|0.88|0.73,agentic_intent_hijack,0.4594409826554623,0.8863568978087111,True,143.34047339808126,0.9166666666666666,0.7882059037729446,12,True,0.2866809467961625,0.20833333333333343,-0.14666666666666667,-0.03,0.2,0.0,0.5183476134628293,V1,V2
66,hardening_search_v1,agentic_intent_hijack|1.28|1.22|0.07|0.13|0.61|0.88|0.73,agentic_intent_hijack,-0.1722078105836551,0.9063568978087111,True,0.0,1.0,0.8130433435850786,12,False,0.0,0.0,-0.16,-0.03,0.0,0.0,-0.19,V1,V2
67,hardening_search_v1,agentic_intent_hijack|1.28|1.22|0.07|0.13|0.61|0.88|0.73,agentic_intent_hijack,-0.1703078105836551,0.8963568978087111,True,0.0,1.0,0.8703565468002998,12,False,0.0,0.0,-0.16,-0.03,0.0,0.0,-0.19,V1,V2
68,hardening_search_v1,ai_app_scam_mule|1.86|1.74|0.13|0.74|0.05|0.85|0.74,ai_app_scam_mule,-0.158541822059808,0.8344306424200421,True,0.0,1.0,0.9411973378701971,12,False,0.0,0.0,-0.16,-0.03,0.0,0.0,-0.19,V1,V2
69,hardening_search_v1,agentic_intent_hijack|1.09|0.78|0.69|0.3|0.58|0.92|0.58,agentic_intent_hijack,-0.17241025194010873,0.9074223786321511,True,0.0,1.0,0.9337813674619988,12,False,0.0,0.0,-0.16,-0.03,0.0,0.0,-0.19,V1,V2
70,hardening_search_v1,synthetic_identity_bustout|1.3|0.96|0.06|0.05|0.9|0.93|0.53,synthetic_identity_bustout,-0.18603852017764855,0.9791501061981502,True,0.0,1.0,0.9162364507748584,12,False,0.0,0.0,-0.16,-0.03,0.0,0.0,-0.19,V1,V2
71,hardening_search_v1,agentic_intent_hijack|0.89|1.59|0.05|0.05|0.48|0.62|0.87,agentic_intent_hijack,0.2600862260027519,0.9065399999999999,True,27.61661151342015,0.9166666666666666,0.8333839727170277,12,True,0.0552332230268403,0.20833333333333343,-0.14666666666666667,-0.03,0.2,0.0,0.2868998896935071,V1,V2
