defender,scenario,prevalence,fraud_rows,legitimate_rows,repetitions,roc_auc_mean,roc_auc_ci_low,roc_auc_ci_high,pr_auc_mean,precision_mean,precision_ci_low,precision_ci_high,recall_mean,fpr_mean
V0,experiment_prevalence,0.09385113268608414,580,5600,1,0.9886089901477833,0.9886089901477833,0.9886089901477833,0.9605931747446147,0.9188712522045855,0.9188712522045855,0.9188712522045855,0.8982758620689655,0.008214285714285714
V0,deployment_stress_downsampled_0.015pct,0.00017853954650955185,1,5600,400,0.9843383928571429,0.80278125,1.0,0.9015998808310189,0.019095744680851064,0.0,0.02127659574468085,0.8975,0.008214285714285714
V0,deployment_exact_prevalence_reweighted_0.015pct,0.00015,580,5600,1,0.9886089901477844,,,0.9016423078492665,0.016140954600042702,,,0.8982758620689655,0.008214285714285714
V1,experiment_prevalence,0.09385113268608414,580,5600,1,0.9961299261083744,0.9961299261083744,0.9961299261083744,0.9881487162050309,0.904,0.904,0.904,0.9741379310344828,0.010714285714285714
V1,deployment_stress_downsampled_0.015pct,0.00017853954650955185,1,5600,400,0.9930723214285715,0.9854866071428572,1.0,0.9676720810891694,0.01594262295081967,0.0,0.01639344262295082,0.9725,0.010714285714285716
V1,deployment_exact_prevalence_reweighted_0.015pct,0.00015,580,5600,1,0.9961299261083747,,,0.9708320433223755,0.01345643161291724,,,0.9741379310344828,0.010714285714285714
V2,experiment_prevalence,0.09385113268608414,580,5600,1,0.9997863300492611,0.9997863300492611,0.9997863300492611,0.9990288080885279,0.9017160686427457,0.9017160686427457,0.9017160686427457,0.996551724137931,0.01125
V2,deployment_stress_downsampled_0.015pct,0.00017853954650955185,1,5600,400,0.9996901785714286,1.0,1.0,0.9951703377386196,0.015546875,0.015625,0.015625,0.995,0.01125
V2,deployment_exact_prevalence_reweighted_0.015pct,0.00015,580,5600,1,0.9997863300492611,,,0.9966512993961482,0.01311505911703633,,,0.996551724137931,0.01125
